date,code,peak_ccu,plays,unique_players,minutes_played,avg_minutes,favorites,recommendations,d1,d7
2026-09-19,3501-7237-8602,5659,180477,99557,5409098,54.33,7270,3193,0.57,0.19
2026-09-20,3501-7237-8602,21464,213281,107248,6810279,63.5,7392,3645,0.37,0.21
2026-09-21,3501-7237-8602,4517,155382,83081,4789068,57.64,5204,2613,0.39,0.23
2026-09-22,3501-7237-8602,4950,163708,86486,5166654,59.74,5574,2700,0.31,0.16
2026-09-23,3501-7237-8602,16521,175820,84474,5752843,68.1,5014,2582,0.36,0.14
2026-09-24,3501-7237-8602,4286,115981,66715,3850096,57.71,3292,1529,0.4,0.16
2026-09-19,8344-0475-7589,1783,25654,9972,965050,96.78,329,89,0.43,0.09
2026-09-20,8344-0475-7589,1512,23824,8781,860166,97.96,265,60,0.39,0.11
2026-09-21,8344-0475-7589,565,14990,5885,602747,102.42,185,39,0.35,0.14
2026-09-22,8344-0475-7589,494,13819,5316,576773,108.5,159,34,0.28,0.15
2026-09-23,8344-0475-7589,465,12817,4755,539203,113.4,151,29,0.37,0.18
2026-09-24,8344-0475-7589,395,10359,3483,470782,135.17,80,23,0.37,0.17
2026-09-19,2787-1164-2583,474,13267,9316,345400,37.08,598,74,0.19,0.02
2026-09-20,2787-1164-2583,533,11674,8358,288281,34.49,486,64,0.22,0.03
2026-09-21,2787-1164-2583,420,9386,7514,254571,33.88,463,63,0.18,0.07
2026-09-22,2787-1164-2583,536,12903,10206,365037,35.77,703,71,0.16,0.07
2026-09-23,2787-1164-2583,509,13618,10446,388789,37.22,628,74,0.2,0.06
2026-09-24,2787-1164-2583,394,12054,9529,312520,32.8,494,68,0.2,0.04
2026-09-19,0433-7147-9507,1335,31599,23344,780576,33.44,434,139,0.26,0.08
2026-09-20,0433-7147-9507,1418,50379,36266,1299509,35.83,741,231,0.29,0.11
2026-09-21,0433-7147-9507,969,24304,18401,617906,33.58,344,113,0.3,0.16
2026-09-22,0433-7147-9507,723,18406,14772,460315,31.16,254,60,0.15,0.12
2026-09-23,0433-7147-9507,651,15348,12132,381262,31.43,182,48,0.22,0.11
2026-09-24,0433-7147-9507,481,12832,10183,318154,31.24,155,44,0.22,0.1
2026-09-19,7116-2671-7537,87,969,801,26184,32.69,129,29,,
2026-09-20,7116-2671-7537,63,1961,1408,47795,33.95,156,34,,
2026-09-21,7116-2671-7537,311,6451,5406,172700,31.95,431,77,0.24,
2026-09-22,7116-2671-7537,510,5431,4559,144518,31.7,306,67,0.13,
2026-09-23,7116-2671-7537,468,8162,6643,215677,32.47,451,99,0.12,
2026-09-24,7116-2671-7537,410,8694,7054,228812,32.44,487,104,0.2,
2026-09-19,7541-3275-7180,253,17856,3518,121820,34.63,915,231,0.67,
2026-09-20,7541-3275-7180,568,64306,8406,434050,51.64,1543,594,0.32,
2026-09-21,7541-3275-7180,513,61507,8156,443915,54.43,1178,415,0.37,
2026-09-22,7541-3275-7180,670,80644,11628,562954,48.41,1887,655,0.32,
2026-09-23,7541-3275-7180,725,105076,15520,695863,44.84,2431,891,0.35,
2026-09-24,7541-3275-7180,737,92053,14280,637680,44.66,1872,729,0.35,0
2026-09-19,9697-3257-3440,119,3992,3030,89018,29.38,81,30,0.24,0.06
2026-09-20,9697-3257-3440,107,3696,2800,83162,29.7,87,21,0.27,0.08
2026-09-21,9697-3257-3440,141,2735,2099,66496,31.68,45,18,0.2,0.07
2026-09-22,9697-3257-3440,125,2534,1964,63763,32.47,59,22,0.15,0.07
2026-09-23,9697-3257-3440,107,2390,1904,60946,32.01,50,21,0.22,0.09
2026-09-24,9697-3257-3440,101,2103,1686,51823,30.74,43,10,0.26,0.08
2026-09-19,1596-1780-8043,941,37984,27170,822889,30.29,1319,310,0.22,0
2026-09-20,1596-1780-8043,948,37322,26883,817512,30.41,1117,262,0.24,0.09
2026-09-21,1596-1780-8043,736,23344,18224,521753,28.63,808,161,0.19,0.03
2026-09-22,1596-1780-8043,705,25577,20013,591063,29.53,1027,159,0.12,0.02
2026-09-23,1596-1780-8043,641,23837,18008,535060,29.71,887,154,0.17,0.02
2026-09-24,1596-1780-8043,510,17424,14143,383388,27.11,605,105,0.18,0.02
2026-09-19,2312-3096-3140,48,1364,1082,32236,29.79,43,11,0.23,0.06
2026-09-20,2312-3096-3140,55,1209,984,29873,30.36,35,8,0.22,0.06
2026-09-21,2312-3096-3140,35,724,614,17864,29.09,15,7,0.18,0.07
2026-09-22,2312-3096-3140,139,829,724,19449,26.86,28,3,0.13,0.06
2026-09-23,2312-3096-3140,154,863,766,20877,27.25,25,3,0.18,0.06
2026-09-24,2312-3096-3140,154,976,897,26335,29.36,24,5,0.17,0.06
2026-09-19,8079-0164-7528,432,7227,4629,204575,44.19,436,79,0.25,0.05
2026-09-20,8079-0164-7528,235,6627,4533,180051,39.72,420,80,0.26,0.06
2026-09-21,8079-0164-7528,151,4141,2891,109759,37.97,286,40,0.21,0.07
2026-09-22,8079-0164-7528,109,3857,2566,108017,42.1,251,38,0.16,0.06
2026-09-23,8079-0164-7528,294,4437,2805,118687,42.31,234,31,0.21,0.06
2026-09-24,8079-0164-7528,92,2517,1687,71195,42.2,133,31,0.26,0.08
2026-09-19,2911-9500-1274,455,22147,14147,463247,32.75,510,109,0.25,0.05
2026-09-20,2911-9500-1274,791,23794,15426,541194,35.08,663,103,0.24,0.06
2026-09-21,2911-9500-1274,728,22800,14728,409253,27.79,852,96,0.22,0.08
2026-09-22,2911-9500-1274,752,32215,19416,691663,35.62,1273,165,0.18,0.08
2026-09-23,2911-9500-1274,698,27658,17251,630272,36.54,867,133,0.25,0.08
2026-09-24,2911-9500-1274,658,24959,16013,574485,35.88,868,164,0.26,0.08
2026-09-19,0342-9116-8723,168,1960,1527,60748,39.78,58,16,0.21,0.05
2026-09-20,0342-9116-8723,73,1562,1228,46977,38.25,42,17,0.24,0.05
2026-09-21,0342-9116-8723,40,685,550,20348,37,18,5,0.18,0.08
2026-09-22,0342-9116-8723,104,834,667,24393,36.57,26,5,0.14,0.08
2026-09-23,0342-9116-8723,51,994,833,26513,31.83,33,10,0.24,0.04
2026-09-24,0342-9116-8723,43,713,578,21307,36.86,20,2,0.21,0.07
2026-09-19,8057-5274-9116,55,1248,967,33848,35,21,5,0.3,0.08
2026-09-20,8057-5274-9116,48,1275,976,33859,34.69,21,6,0.27,0.09
2026-09-21,8057-5274-9116,28,704,530,16787,31.67,10,1,0.24,0.1
2026-09-22,8057-5274-9116,38,707,545,17625,32.34,16,7,0.16,0.09
2026-09-23,8057-5274-9116,30,712,573,18989,33.14,11,3,0.29,0.11
2026-09-24,8057-5274-9116,29,655,494,17286,34.99,10,5,0.25,0.1
2026-09-19,7114-0727-8746,170,5910,3828,133673,34.92,116,67,0.3,0.13
2026-09-20,7114-0727-8746,165,5369,3490,124179,35.58,83,53,0.34,0.13
2026-09-21,7114-0727-8746,121,3181,2219,76464,34.46,64,29,0.27,0.14
2026-09-22,7114-0727-8746,115,2802,2001,65826,32.9,50,22,0.19,0.13
2026-09-23,7114-0727-8746,133,2594,1992,64493,32.38,39,18,0.26,0.13
2026-09-24,7114-0727-8746,195,3956,2917,88044,30.18,83,24,0.27,0.13
2026-09-19,6020-0463-4029,141,3518,2299,107224,46.64,44,27,0.35,0.15
2026-09-20,6020-0463-4029,128,3397,2225,103217,46.39,41,15,0.41,0.19
2026-09-21,6020-0463-4029,113,1878,1314,55892,42.54,19,11,0.35,0.18
2026-09-22,6020-0463-4029,84,1702,1168,46378,39.71,17,5,0.25,0.18
2026-09-23,6020-0463-4029,71,1662,1094,46175,42.21,18,3,0.36,0.15
2026-09-24,6020-0463-4029,68,1391,997,38835,38.95,17,4,0.37,0.18
2026-09-19,2891-2163-4404,96,3030,2417,67427,27.9,55,20,0.19,0.04
2026-09-20,2891-2163-4404,91,2688,2143,58999,27.53,62,13,0.2,0.05
2026-09-21,2891-2163-4404,61,1580,1360,35356,26,38,16,0.17,0.05
2026-09-22,2891-2163-4404,64,1528,1272,33997,26.73,28,6,0.11,0.04
2026-09-23,2891-2163-4404,62,1658,1361,37368,27.46,37,4,0.14,0.03
2026-09-24,2891-2163-4404,62,1381,1160,31496,27.15,33,9,0.16,0.04
2026-09-19,7433-9605-1878,76,2682,1996,56519,28.32,109,21,0.18,0.04
2026-09-20,7433-9605-1878,101,2768,2048,61612,30.08,97,24,0.18,0.05
2026-09-21,7433-9605-1878,63,1488,1162,32685,28.13,76,15,0.16,0.05
2026-09-22,7433-9605-1878,65,1393,1092,26206,24,59,16,0.12,0.05
2026-09-23,7433-9605-1878,57,1355,1083,26128,24.13,59,14,0.18,0.05
2026-09-24,7433-9605-1878,51,1185,924,22256,24.09,39,10,0.16,0.05
2026-09-19,9651-4466-9042,118,4248,3001,109709,36.56,155,24,0.19,0.02
2026-09-20,9651-4466-9042,138,3615,2544,96657,37.99,148,17,0.19,0.03
2026-09-21,9651-4466-9042,84,2359,1722,64017,37.18,98,10,0.15,0.03
2026-09-22,9651-4466-9042,80,2240,1704,63210,37.1,84,5,0.12,0.02
2026-09-23,9651-4466-9042,68,2029,1503,56216,37.4,84,11,0.18,0.02
2026-09-24,9651-4466-9042,49,1484,1099,42206,38.4,50,7,0.18,0.02
2026-09-19,1631-0751-4517,97,2615,2117,67712,31.98,72,19,0.14,0.03
2026-09-20,1631-0751-4517,98,2786,2268,72964,32.17,68,20,0.17,0.05
2026-09-21,1631-0751-4517,60,1519,1261,37326,29.6,41,7,0.15,0.05
2026-09-22,1631-0751-4517,66,1446,1244,35145,28.25,38,7,0.08,0.04
2026-09-23,1631-0751-4517,61,1391,1133,34709,30.63,41,7,0.14,0.04
2026-09-24,1631-0751-4517,55,1209,983,29347,29.85,30,10,0.14,0.04
2026-09-19,4771-7215-5767,36,835,584,28502,48.8,8,6,0.34,0.21
2026-09-20,4771-7215-5767,48,964,686,30941,45.1,14,7,0.35,0.23
2026-09-21,4771-7215-5767,28,626,469,20332,43.35,7,7,0.34,0.23
2026-09-22,4771-7215-5767,35,615,439,19592,44.63,9,6,0.22,0.22
2026-09-23,4771-7215-5767,35,566,428,19887,46.46,5,4,0.31,0.23
2026-09-24,4771-7215-5767,29,600,434,20333,46.85,8,6,0.32,0.23
2026-09-19,3729-8899-3878,374,6304,4885,137461,28.14,313,46,0.09,
2026-09-20,3729-8899-3878,199,4103,3127,91611,29.3,179,20,0.14,
2026-09-21,3729-8899-3878,248,4883,4128,104922,25.42,257,32,0.12,
2026-09-22,3729-8899-3878,228,3872,3208,88681,27.64,211,32,0.12,0
2026-09-23,3729-8899-3878,135,5104,4135,111275,26.91,292,34,0.14,
2026-09-24,3729-8899-3878,131,4020,3199,88700,27.73,203,37,0.15,0.02
2026-09-19,8464-5780-9092,82,2251,1826,55600,30.45,51,11,0.25,0.06
2026-09-20,8464-5780-9092,68,2102,1757,52395,29.82,62,11,0.27,0.06
2026-09-21,8464-5780-9092,59,1257,1027,29421,28.65,39,6,0.18,0.08
2026-09-22,8464-5780-9092,51,1094,931,25365,27.24,25,3,0.13,0.09
2026-09-23,8464-5780-9092,44,1293,992,30003,30.24,44,9,0.17,0.07
2026-09-24,8464-5780-9092,59,1071,884,25214,28.52,26,4,0.24,0.09
2026-09-19,5177-3498-9905,118,3670,2713,95161,35.08,72,18,0.23,0.06
2026-09-20,5177-3498-9905,148,3734,2820,106805,37.87,82,19,0.24,0.08
2026-09-21,5177-3498-9905,84,2021,1600,55104,34.44,45,15,0.21,0.07
2026-09-22,5177-3498-9905,74,1832,1451,48368,33.33,34,9,0.15,0.07
2026-09-23,5177-3498-9905,61,1803,1449,46815,32.31,51,9,0.22,0.07
2026-09-24,5177-3498-9905,84,1585,1299,44921,34.58,25,10,0.23,0.07
2026-09-19,5386-1902-3209,286,4953,3636,113655,31.26,257,70,0.26,
2026-09-20,5386-1902-3209,83,2173,1327,57824,43.57,103,31,0.23,0.04
2026-09-21,5386-1902-3209,53,1361,968,34353,35.49,74,25,0.15,0.03
2026-09-22,5386-1902-3209,47,1347,890,30878,34.69,69,14,0.2,0.04
2026-09-23,5386-1902-3209,39,1032,731,24274,33.21,55,13,0.23,0.02
2026-09-24,5386-1902-3209,28,696,476,18232,38.3,37,9,0.2,0.05
2026-09-19,1796-9956-7050,916,34278,17724,824552,46.52,639,82,0.32,0.03
2026-09-20,1796-9956-7050,568,24363,12786,658182,51.48,398,64,0.27,0.03
2026-09-21,1796-9956-7050,600,21554,11763,586310,49.84,409,51,0.24,0.04
2026-09-22,1796-9956-7050,477,16327,8436,509473,60.39,274,38,0.24,0.03
2026-09-23,1796-9956-7050,463,13894,7093,476464,67.17,233,31,0.23,0.04
2026-09-24,1796-9956-7050,361,10221,5128,388914,75.84,158,26,0.28,0.04
2026-09-19,1862-8843-9022,83,2251,1447,64106,44.3,28,8,0.41,0.2
2026-09-20,1862-8843-9022,106,2387,1605,69304,43.18,19,11,0.39,0.19
2026-09-21,1862-8843-9022,64,1305,905,33730,37.27,14,2,0.36,0.2
2026-09-22,1862-8843-9022,52,1338,913,33869,37.1,13,4,0.23,0.19
2026-09-23,1862-8843-9022,46,1231,870,33216,38.18,9,3,0.36,0.2
2026-09-24,1862-8843-9022,51,1176,784,28500,36.35,12,10,0.37,0.18
2026-09-19,7067-8314-8282,98,3706,2980,74006,24.83,199,51,0.11,0.01
2026-09-20,7067-8314-8282,103,3880,2958,81067,27.41,207,52,0.14,0.02
2026-09-21,7067-8314-8282,71,2231,1812,47795,26.38,128,24,0.13,0.02
2026-09-22,7067-8314-8282,93,2551,2046,52450,25.64,164,29,0.09,0.01
2026-09-23,7067-8314-8282,88,3086,2525,65405,25.9,217,29,0.1,0.01
2026-09-24,7067-8314-8282,78,2546,2085,52977,25.41,133,16,0.13,0.01
2026-09-19,2887-3641-3853,166,5223,4364,117474,26.92,188,20,0.18,0.06
2026-09-20,2887-3641-3853,147,5275,4196,118996,28.36,169,22,0.18,0.04
2026-09-21,2887-3641-3853,121,2950,2532,65144,25.73,118,5,0.15,0.03
2026-09-22,2887-3641-3853,107,2933,2583,63209,24.47,114,12,0.1,0.03
2026-09-23,2887-3641-3853,92,2646,2225,57577,25.88,105,19,0.14,0.03
2026-09-24,2887-3641-3853,83,1912,1629,41148,25.26,74,8,0.13,0.03
2026-09-19,1374-2241-1868,368,12131,9091,305373,33.59,364,83,0.2,0.03
2026-09-20,1374-2241-1868,292,9061,6877,243230,35.37,281,76,0.19,0.03
2026-09-21,1374-2241-1868,162,4669,3639,119576,32.86,147,33,0.15,0.03
2026-09-22,1374-2241-1868,133,3906,3151,92989,29.51,171,40,0.12,0.02
2026-09-23,1374-2241-1868,104,2959,2381,70820,29.74,118,24,0.17,0.02
2026-09-24,1374-2241-1868,70,2219,1833,51356,28.02,63,18,0.16,0.02
2026-09-19,0242-1196-2261,74,2351,1666,55051,33.04,62,11,0.23,0.06
2026-09-20,0242-1196-2261,80,2324,1639,57099,34.84,74,16,0.24,0.07
2026-09-21,0242-1196-2261,40,1227,950,31374,33.03,37,10,0.19,0.07
2026-09-22,0242-1196-2261,46,1247,946,30182,31.9,34,6,0.13,0.05
2026-09-23,0242-1196-2261,46,1176,858,27872,32.48,33,1,0.2,0.06
2026-09-24,0242-1196-2261,32,1041,788,24405,30.97,28,3,0.19,0.06
2026-09-19,7996-5597-0868,307,9915,6720,289878,43.14,139,35,0.34,0.12
2026-09-20,7996-5597-0868,317,10412,7100,304704,42.92,125,29,0.34,0.13
2026-09-21,7996-5597-0868,219,5956,4247,182452,42.96,64,14,0.28,0.11
2026-09-22,7996-5597-0868,191,5559,3987,169124,42.42,72,10,0.2,0.12
2026-09-23,7996-5597-0868,172,5262,3801,153145,40.29,73,16,0.28,0.14
2026-09-24,7996-5597-0868,138,4543,3188,132058,41.42,50,14,0.31,0.14
2026-09-19,8110-1361-4327,334,2569,1428,99143,69.43,89,30,0.36,0.1
2026-09-20,8110-1361-4327,322,3069,1688,123483,73.15,112,28,0.35,0.15
2026-09-21,8110-1361-4327,99,2631,1912,91008,47.6,125,21,0.32,0.18
2026-09-22,8110-1361-4327,80,1948,1195,67954,56.87,79,14,0.22,0.18
2026-09-23,8110-1361-4327,70,1410,889,50282,56.56,58,13,0.2,0.2
2026-09-24,8110-1361-4327,59,1221,758,46973,61.97,53,5,0.27,0.17
2026-09-19,4420-8150-0081,52,1758,1353,39000,28.82,49,7,0.21,0.11
2026-09-20,4420-8150-0081,59,1857,1477,42474,28.76,43,2,0.22,0.08
2026-09-21,4420-8150-0081,44,1095,874,24110,27.59,36,11,0.16,0.08
2026-09-22,4420-8150-0081,38,994,822,21705,26.41,32,6,0.12,0.1
2026-09-23,4420-8150-0081,32,902,744,21184,28.47,18,5,0.19,0.1
2026-09-24,4420-8150-0081,33,753,626,16622,26.55,16,4,0.17,0.08
2026-09-19,9563-8257-0848,25,601,515,13876,26.94,17,1,0.12,0.04
2026-09-20,9563-8257-0848,33,671,548,15172,27.69,28,5,0.18,0.04
2026-09-21,9563-8257-0848,42,391,339,7427,21.91,11,,0.15,0.06
2026-09-22,9563-8257-0848,320,1817,1574,35655,22.65,62,3,0.1,0.05
2026-09-23,9563-8257-0848,32,831,697,20527,29.45,27,8,0.19,0.09
2026-09-24,9563-8257-0848,129,1096,894,22842,25.55,40,3,0.13,0.06
2026-09-19,3962-2471-5978,58,1079,791,37695,47.65,150,17,0.33,
2026-09-20,3962-2471-5978,203,5107,3945,140558,35.63,351,52,0.16,
2026-09-21,3962-2471-5978,210,4630,3653,128890,35.28,306,30,0.17,
2026-09-22,3962-2471-5978,73,1837,1348,68141,50.55,143,18,0.07,
2026-09-23,3962-2471-5978,65,1680,1285,59914,46.63,124,15,0.11,
2026-09-24,3962-2471-5978,53,1371,1130,47107,41.69,99,19,0.18,
2026-09-19,4422-3120-1826,213,7534,5959,166147,27.88,223,59,0.14,0.02
2026-09-20,4422-3120-1826,202,7315,5830,176341,30.25,216,70,0.15,0.03
2026-09-21,4422-3120-1826,164,4419,3627,104561,28.83,122,38,0.13,0.03
2026-09-22,4422-3120-1826,161,4447,3784,109814,29.02,137,25,0.09,0.02
2026-09-23,4422-3120-1826,136,4552,3848,104632,27.19,131,39,0.13,0.01
2026-09-24,4422-3120-1826,104,3247,2742,70655,25.77,98,32,0.14,0.02
2026-09-19,7541-2314-8381,87,3262,2629,62398,23.73,128,36,0.16,0.03
2026-09-20,7541-2314-8381,104,3522,2686,69934,26.04,120,29,0.16,0.04
2026-09-21,7541-2314-8381,55,1857,1494,37673,25.22,57,17,0.13,0.04
2026-09-22,7541-2314-8381,46,1573,1251,28365,22.67,54,11,0.1,0.03
2026-09-23,7541-2314-8381,42,1387,1141,27249,23.88,41,13,0.14,0.04
2026-09-24,7541-2314-8381,36,1296,1058,23779,22.48,55,19,0.13,0.03
2026-09-19,9584-6301-7470,208,2274,1990,57475,28.88,122,20,0.19,0.08
2026-09-20,9584-6301-7470,53,1480,1197,36613,30.59,86,13,0.2,0.06
2026-09-21,9584-6301-7470,28,519,410,12646,30.84,23,3,0.14,0.07
2026-09-22,9584-6301-7470,160,891,775,20354,26.26,44,12,0.11,0.06
2026-09-23,9584-6301-7470,26,477,416,10764,25.88,21,3,0.17,0.07
2026-09-24,9584-6301-7470,21,413,340,8051,23.68,18,2,0.13,0.04
2026-09-19,1654-7479-6688,58,2143,1627,46634,28.66,117,15,0.18,0.04
2026-09-20,1654-7479-6688,57,1827,1405,43115,30.69,60,15,0.25,0.05
2026-09-21,1654-7479-6688,32,1015,790,22921,29.01,53,7,0.18,0.06
2026-09-22,1654-7479-6688,32,904,729,18634,25.56,34,5,0.12,0.05
2026-09-23,1654-7479-6688,28,860,675,19431,28.79,46,7,0.16,0.04
2026-09-24,1654-7479-6688,25,665,540,13275,24.58,27,5,0.18,0.05
2026-09-19,6643-0220-6840,64,2789,2048,35107,17.14,104,16,0.1,0.03
2026-09-20,6643-0220-6840,63,2763,2000,33979,16.99,110,18,0.17,0.04
2026-09-21,6643-0220-6840,49,1437,1063,20064,18.87,54,12,0.13,0.04
2026-09-22,6643-0220-6840,50,1156,867,15127,17.45,37,8,0.08,0.02
2026-09-23,6643-0220-6840,39,1064,792,14406,18.19,45,5,0.1,0.03
2026-09-24,6643-0220-6840,35,1149,863,14739,17.08,56,8,0.11,0.02
2026-09-19,8437-4689-3831,307,13399,10941,295371,27,589,106,0.16,0.02
2026-09-20,8437-4689-3831,268,12416,9967,271675,27.26,505,96,0.14,0.02
2026-09-21,8437-4689-3831,259,8264,6838,194241,28.41,340,71,0.11,0.02
2026-09-22,8437-4689-3831,220,7943,6441,172589,26.8,369,61,0.08,0.02
2026-09-23,8437-4689-3831,198,7247,5771,160973,27.89,294,53,0.12,0.02
2026-09-24,8437-4689-3831,150,5065,4315,111341,25.8,225,30,0.12,0.01
2026-09-19,2668-5883-1928,142,4607,3157,121201,38.39,121,15,0.2,0.04
2026-09-20,2668-5883-1928,154,4800,3271,114126,34.89,163,15,0.19,0.05
2026-09-21,2668-5883-1928,157,4125,2855,104695,36.67,131,23,0.17,0.05
2026-09-22,2668-5883-1928,150,3517,2508,91661,36.55,119,13,0.12,0.04
2026-09-23,2668-5883-1928,148,3598,2329,89022,38.22,106,12,0.13,0.03
2026-09-24,2668-5883-1928,78,1848,1280,42472,33.18,66,6,0.14,0.03
2026-09-20,0740-9649-8381,3,12,6,281,46.83,6,,0.43,
2026-09-21,0740-9649-8381,3,16,7,778,111.14,6,3,0.25,
2026-09-22,0740-9649-8381,876,8062,5389,163929,30.42,1175,198,0.33,
2026-09-23,0740-9649-8381,391,16169,11021,318984,28.94,1569,199,0.71,
2026-09-24,0740-9649-8381,655,23683,16023,444715,27.75,1890,262,0.27,
2026-09-19,9236-4114-4864,18,571,431,9762,22.65,13,6,0.22,0.09
2026-09-20,9236-4114-4864,24,586,402,11259,28.01,9,6,0.19,0.07
2026-09-21,9236-4114-4864,26,460,303,9936,32.79,11,5,0.17,0.1
2026-09-22,9236-4114-4864,23,414,267,7826,29.31,6,2,0.16,0.11
2026-09-23,9236-4114-4864,14,367,267,7625,28.56,5,2,0.2,0.15
2026-09-24,9236-4114-4864,12,276,195,6417,32.91,7,3,0.22,0.12
2026-09-19,6988-7736-2818,19,310,238,8847,37.17,7,2,0.33,0.02
2026-09-20,6988-7736-2818,15,269,202,8075,39.98,9,1,0.24,0.06
2026-09-21,6988-7736-2818,11,155,114,4445,38.99,1,1,0.2,0.04
2026-09-22,6988-7736-2818,17,175,140,4379,31.28,4,,0.17,0.07
2026-09-23,6988-7736-2818,12,174,141,5313,37.68,5,1,0.2,0.03
2026-09-24,6988-7736-2818,17,141,111,3804,34.27,9,4,0.2,0.07
2026-09-19,4088-9602-7302,34,693,499,15019,30.1,53,2,0.1,0.03
2026-09-20,4088-9602-7302,33,794,607,17263,28.44,65,8,0.15,0.05
2026-09-21,4088-9602-7302,22,488,360,11275,31.32,33,2,0.14,0.05
2026-09-22,4088-9602-7302,17,414,283,8275,29.24,36,,0.06,0.03
2026-09-23,4088-9602-7302,21,395,289,9051,31.32,27,5,0.15,0.03
2026-09-24,4088-9602-7302,21,430,312,8968,28.74,31,3,0.12,0.03
2026-09-19,4044-4229-5848,312,13511,9692,238193,24.58,397,43,0.24,0.04
2026-09-20,4044-4229-5848,328,13308,9392,232821,24.79,370,30,0.23,0.05
2026-09-21,4044-4229-5848,217,9432,6814,160971,23.62,313,28,0.21,0.05
2026-09-22,4044-4229-5848,266,10815,7908,191991,24.28,396,35,0.18,0.03
2026-09-23,4044-4229-5848,292,11553,8156,202469,24.82,408,29,0.24,0.04
2026-09-24,4044-4229-5848,266,9792,7257,166384,22.93,334,23,0.24,0.04
2026-09-19,0929-9347-5439,25,846,582,15722,27.01,83,13,0.25,
2026-09-20,0929-9347-5439,22,702,502,13908,27.71,63,7,0.17,0
2026-09-21,0929-9347-5439,19,512,371,9845,26.54,54,1,0.12,0
2026-09-22,0929-9347-5439,27,670,489,13292,27.18,60,11,0.13,0.01
2026-09-23,0929-9347-5439,21,549,385,10743,27.9,52,10,0.16,0.01
2026-09-24,0929-9347-5439,15,362,258,7116,27.58,28,3,0.17,0.01
2026-09-19,3092-1733-8452,34,690,560,24845,44.37,42,4,0.2,0.02
2026-09-20,3092-1733-8452,40,748,574,27718,48.29,38,5,0.14,0.02
2026-09-21,3092-1733-8452,31,431,329,15964,48.52,25,3,0.14,0.06
2026-09-22,3092-1733-8452,23,392,303,13597,44.87,28,10,0.09,0.03
2026-09-23,3092-1733-8452,26,360,303,17038,56.23,23,4,0.16,0.04
2026-09-24,3092-1733-8452,19,283,233,12053,51.73,20,1,0.18,0.03
2026-09-19,3181-7792-9942,24,783,212,8833,41.67,12,1,0.5,0.38
2026-09-20,3181-7792-9942,19,701,213,8509,39.95,23,1,0.45,0.25
2026-09-21,3181-7792-9942,21,676,171,9152,53.52,11,,0.3,0.24
2026-09-22,3181-7792-9942,26,775,208,11521,55.39,11,3,0.32,0.45
2026-09-23,3181-7792-9942,20,667,202,9422,46.64,18,2,0.46,0.49
2026-09-24,3181-7792-9942,29,715,152,10969,72.16,6,1,0.41,0.44
2026-09-19,2602-3303-1736,6,92,73,1612,22.08,2,,0.07,0.03
2026-09-20,2602-3303-1736,6,109,90,1802,20.02,6,1,0.06,0.07
2026-09-21,2602-3303-1736,6,51,50,908,18.16,4,2,0.18,0.06
2026-09-22,2602-3303-1736,4,47,42,773,18.4,3,,0.06,0.02
2026-09-23,2602-3303-1736,6,60,56,1277,22.8,2,,0.04,0.06
2026-09-24,2602-3303-1736,4,62,57,947,16.61,2,,0.09,0.04
2026-09-19,8678-9448-5299,12,194,172,5535,32.18,12,2,0.1,0.03
2026-09-20,8678-9448-5299,11,179,144,4770,33.13,14,1,0.05,0.02
2026-09-21,8678-9448-5299,10,120,107,3511,32.81,6,1,0.09,0.03
2026-09-22,8678-9448-5299,8,124,100,3377,33.77,11,1,0.03,0.03
2026-09-23,8678-9448-5299,16,114,98,3730,38.06,9,,0.06,0.01
2026-09-24,8678-9448-5299,8,126,108,3209,29.71,9,1,0.12,0.05
2026-09-19,7430-1454-8956,110,3658,2623,51774,19.74,189,24,0.1,0.02
2026-09-20,7430-1454-8956,77,4493,3076,72154,23.46,236,32,0.1,0.02
2026-09-21,7430-1454-8956,36,1839,1366,26705,19.55,91,12,0.1,0.02
2026-09-22,7430-1454-8956,32,1458,1146,19467,16.99,46,3,0.07,0.02
2026-09-23,7430-1454-8956,46,1668,1275,27366,21.46,64,9,0.1,0.03
2026-09-24,7430-1454-8956,35,1801,1281,27690,21.62,103,9,0.11,0.04
2026-09-19,1179-7655-5217,12,144,114,4203,36.87,10,1,0.24,0.05
2026-09-20,1179-7655-5217,13,154,118,5075,43.01,17,3,0.22,0.07
2026-09-21,1179-7655-5217,11,136,108,4926,45.61,11,5,0.12,0.08
2026-09-22,1179-7655-5217,11,141,106,5170,48.77,9,3,0.14,0.06
2026-09-23,1179-7655-5217,12,120,81,3966,48.96,10,,0.21,0.04
2026-09-24,1179-7655-5217,7,41,25,1090,43.6,1,,0.24,0.04
2026-09-19,8820-8447-9382,13,312,276,4865,17.63,22,5,0.13,0
2026-09-20,8820-8447-9382,10,254,215,3793,17.64,14,,0.06,0.03
2026-09-21,8820-8447-9382,7,148,135,2509,18.59,7,2,0.07,0.03
2026-09-22,8820-8447-9382,11,159,147,3526,23.99,10,2,0.04,0.01
2026-09-23,8820-8447-9382,9,138,122,2758,22.61,13,,0.11,0
2026-09-24,8820-8447-9382,11,174,168,3109,18.51,8,,0.06,0
2026-09-19,7155-7218-9044,39,421,376,6118,16.27,17,4,0.05,0.01
2026-09-20,7155-7218-9044,35,488,434,6439,14.84,12,3,0.01,0
2026-09-21,7155-7218-9044,18,329,292,3675,12.59,13,1,0.03,0.01
2026-09-22,7155-7218-9044,15,304,268,3305,12.33,11,1,0.02,0.01
2026-09-23,7155-7218-9044,42,708,665,9998,15.03,27,5,0.03,0.01
2026-09-24,7155-7218-9044,39,468,440,6531,14.84,13,,0.04,0
2026-09-19,1301-9879-0360,12,227,187,5001,26.74,5,1,0.15,0.03
2026-09-20,1301-9879-0360,17,254,212,5432,25.62,14,4,0.16,0.09
2026-09-21,1301-9879-0360,19,170,154,3944,25.61,8,,0.14,0.07
2026-09-22,1301-9879-0360,9,105,91,2887,31.73,4,1,0.12,0.09
2026-09-23,1301-9879-0360,9,110,91,2901,31.88,3,1,0.13,0.07
2026-09-24,1301-9879-0360,7,123,104,2737,26.32,6,,0.2,0.07
2026-09-19,0914-6913-3955,10,123,109,3297,30.25,9,2,0.25,0.07
2026-09-20,0914-6913-3955,7,112,87,2291,26.33,5,1,0.13,0.04
2026-09-21,0914-6913-3955,5,60,54,1193,22.09,5,,0.1,0.04
2026-09-22,0914-6913-3955,5,57,46,1097,23.85,,1,0.1,0
2026-09-23,0914-6913-3955,5,56,53,940,17.74,4,,0.05,0.02
2026-09-24,0914-6913-3955,5,36,31,761,24.55,3,,0.17,0
2026-09-19,7068-0682-2076,16,314,226,6697,29.63,30,,0.1,0.02
2026-09-20,7068-0682-2076,15,291,223,7034,31.54,32,2,0.1,0.01
2026-09-21,7068-0682-2076,10,147,121,3985,32.93,19,1,0.16,0.02
2026-09-22,7068-0682-2076,9,164,130,4119,31.68,15,1,0.07,0.02
2026-09-23,7068-0682-2076,13,216,169,4357,25.78,21,1,0.11,0.02
2026-09-24,7068-0682-2076,12,173,145,4086,28.18,24,1,0.1,0.03
2026-09-19,8770-4031-8182,8,80,61,2134,34.98,4,,0.38,0
2026-09-20,8770-4031-8182,5,51,38,1304,34.32,5,,0.29,0.05
2026-09-21,8770-4031-8182,5,35,28,1330,47.5,2,,0.06,0.02
2026-09-22,8770-4031-8182,7,28,25,1402,56.08,3,,0.17,0.05
2026-09-23,8770-4031-8182,7,31,29,1207,41.62,,,0.26,0.1
2026-09-24,8770-4031-8182,5,51,44,1552,35.27,5,,0.25,0
2026-09-19,4983-6823-8328,7,88,61,1673,27.43,8,2,0.15,0.03
2026-09-20,4983-6823-8328,6,64,49,1138,23.22,4,,0.06,0.04
2026-09-21,4983-6823-8328,5,64,48,1350,28.13,7,,0.17,0.03
2026-09-22,4983-6823-8328,4,51,41,1287,31.39,1,2,0.08,0.05
2026-09-23,4983-6823-8328,4,49,36,917,25.47,2,,0.15,0
2026-09-24,4983-6823-8328,4,53,32,1202,37.56,4,,0.28,0.06
2026-09-19,2228-7588-2382,33,574,392,17594,44.88,19,7,0.17,0.07
2026-09-20,2228-7588-2382,33,691,460,20548,44.67,18,8,0.18,0.07
2026-09-21,2228-7588-2382,28,389,296,13655,46.13,16,3,0.21,0.07
2026-09-22,2228-7588-2382,22,406,271,11884,43.85,11,2,0.15,0.06
2026-09-23,2228-7588-2382,19,285,226,8031,35.54,12,1,0.19,0.07
2026-09-24,2228-7588-2382,17,249,193,6798,35.22,5,2,0.2,0.07
2026-09-19,8754-2719-3294,32,948,760,23750,31.25,78,8,0.19,0.01
2026-09-20,8754-2719-3294,31,915,752,22925,30.49,80,17,0.14,0.04
2026-09-21,8754-2719-3294,23,551,463,12102,26.14,70,6,0.12,0.03
2026-09-22,8754-2719-3294,20,479,405,11850,29.26,44,3,0.08,0.01
2026-09-23,8754-2719-3294,17,465,384,10056,26.19,48,9,0.1,0.03
2026-09-24,8754-2719-3294,16,355,311,8164,26.25,35,3,0.13,0.02
2026-09-19,6097-5042-2996,22,502,385,12182,31.64,8,2,0.16,0.02
2026-09-20,6097-5042-2996,372,1220,988,30143,30.51,35,5,0.16,0.06
2026-09-21,6097-5042-2996,20,304,260,7771,29.89,12,,0.18,0.04
2026-09-22,6097-5042-2996,14,222,192,5222,27.2,4,1,0.1,0.03
2026-09-23,6097-5042-2996,16,257,214,5694,26.61,7,1,0.17,0.01
2026-09-24,6097-5042-2996,11,189,159,4574,28.77,3,1,0.23,0.02
2026-09-19,0016-4027-1527,134,4662,3743,101858,27.21,78,17,0.16,0.04
2026-09-20,0016-4027-1527,148,4846,3753,110266,29.38,103,21,0.17,0.05
2026-09-21,0016-4027-1527,111,2874,2378,58800,24.73,63,12,0.15,0.05
2026-09-22,0016-4027-1527,96,2336,2017,46371,22.99,65,8,0.1,0.04
2026-09-23,0016-4027-1527,91,2228,1919,44163,23.01,47,15,0.14,0.04
2026-09-24,0016-4027-1527,93,1894,1605,37702,23.49,51,15,0.13,0.03
2026-09-19,8369-6631-9681,34,887,686,23846,34.76,18,2,0.28,0.13
2026-09-20,8369-6631-9681,50,949,709,25135,35.45,17,4,0.27,0.1
2026-09-21,8369-6631-9681,26,441,330,11205,33.95,7,2,0.23,0.11
2026-09-22,8369-6631-9681,16,374,306,9431,30.82,7,5,0.16,0.08
2026-09-23,8369-6631-9681,24,396,307,9906,32.27,10,,0.21,0.11
2026-09-24,8369-6631-9681,27,436,350,12543,35.84,12,,0.21,0.09
2026-09-19,4792-9643-5878,60,1589,1339,41987,31.36,64,20,0.19,0.03
2026-09-20,4792-9643-5878,58,1571,1331,42173,31.69,51,19,0.2,0.04
2026-09-21,4792-9643-5878,45,874,757,23750,31.37,31,10,0.15,0.04
2026-09-22,4792-9643-5878,45,1083,920,29342,31.89,40,16,0.09,0.03
2026-09-23,4792-9643-5878,48,997,885,26830,30.32,38,13,0.16,0.03
2026-09-24,4792-9643-5878,46,854,744,23146,31.11,33,5,0.17,0.04
2026-09-19,4815-5387-2781,336,12785,10191,282380,27.71,245,54,0.15,0.05
2026-09-20,4815-5387-2781,384,14194,10976,315837,28.78,254,73,0.17,0.05
2026-09-21,4815-5387-2781,235,8412,6744,174303,25.85,156,45,0.15,0.05
2026-09-22,4815-5387-2781,218,7305,5913,156587,26.48,148,30,0.11,0.05
2026-09-23,4815-5387-2781,220,7181,5823,149885,25.74,148,28,0.14,0.04
2026-09-24,4815-5387-2781,212,6367,5123,138034,26.94,126,20,0.15,0.05
2026-09-19,7065-7612-2307,47,1322,1055,31664,30.01,36,15,0.16,0.04
2026-09-20,7065-7612-2307,57,1310,1066,33369,31.3,27,5,0.2,0.04
2026-09-21,7065-7612-2307,39,877,730,20375,27.91,21,5,0.16,0.04
2026-09-22,7065-7612-2307,43,813,667,18708,28.05,19,2,0.1,0.04
2026-09-23,7065-7612-2307,35,727,628,17384,27.68,17,9,0.15,0.02
2026-09-24,7065-7612-2307,35,624,538,14091,26.19,25,3,0.15,0.04
2026-09-19,8980-4396-1703,75,1932,1524,50032,32.83,41,12,0.2,0.06
2026-09-20,8980-4396-1703,91,2253,1700,54108,31.83,48,6,0.24,0.09
2026-09-21,8980-4396-1703,55,1251,961,28601,29.76,20,3,0.22,0.08
2026-09-22,8980-4396-1703,95,1494,1207,32580,26.99,40,5,0.15,0.07
2026-09-23,8980-4396-1703,108,2279,1783,52610,29.51,42,11,0.2,0.09
2026-09-24,8980-4396-1703,75,1924,1480,42118,28.46,34,10,0.23,0.09
2026-09-19,0961-8141-8252,35,1153,856,26375,30.81,24,12,0.22,0.15
2026-09-20,0961-8141-8252,78,1223,919,30981,33.71,26,7,0.26,0.17
2026-09-21,0961-8141-8252,28,667,539,15978,29.64,14,5,0.25,0.15
2026-09-22,0961-8141-8252,69,707,579,16962,29.3,19,8,0.17,0.11
2026-09-23,0961-8141-8252,22,558,433,13224,30.54,8,3,0.23,0.08
2026-09-24,0961-8141-8252,50,538,407,11788,28.96,14,6,0.22,0.1
2026-09-19,0303-4919-9451,374,5381,4395,128602,29.26,141,57,0.2,0.06
2026-09-20,0303-4919-9451,104,3565,2850,89949,31.56,81,31,0.22,0.05
2026-09-21,0303-4919-9451,64,1755,1492,42988,28.81,29,17,0.16,0.05
2026-09-22,0303-4919-9451,278,3340,2812,76236,27.11,87,25,0.13,0.05
2026-09-23,0303-4919-9451,101,2467,2050,60600,29.56,50,20,0.2,0.05
2026-09-24,0303-4919-9451,63,1724,1446,42726,29.55,29,7,0.14,0.06
2026-09-19,1577-7257-3234,33,518,186,9724,52.28,8,2,0.34,0.2
2026-09-20,1577-7257-3234,27,275,141,7524,53.36,6,1,0.25,0.16
2026-09-21,1577-7257-3234,32,433,300,8663,28.88,34,,0.3,0.11
2026-09-22,1577-7257-3234,27,332,215,7602,35.36,24,,0.35,0.16
2026-09-23,1577-7257-3234,21,177,128,2315,18.09,20,2,0.21,0.25
2026-09-24,1577-7257-3234,10,188,133,1704,12.81,16,,0.14,0.09
2026-09-19,4471-6847-2060,22,592,529,11467,21.68,20,3,0.13,0.02
2026-09-20,4471-6847-2060,25,465,400,9365,23.41,15,2,0.11,0.03
2026-09-21,4471-6847-2060,30,542,480,10932,22.77,22,2,0.11,0.02
2026-09-22,4471-6847-2060,31,634,589,10772,18.29,17,5,0.09,0.09
2026-09-23,4471-6847-2060,131,996,937,17531,18.71,60,4,0.19,0.11
2026-09-24,4471-6847-2060,21,435,401,7678,19.15,12,2,0.11,0.06
2026-09-19,5393-6523-5769,32,836,670,22264,33.23,76,4,0.13,0.01
2026-09-20,5393-6523-5769,50,964,754,26110,34.63,65,5,0.13,0.02
2026-09-21,5393-6523-5769,32,860,668,24398,36.52,48,2,0.12,0.02
2026-09-22,5393-6523-5769,40,764,607,24973,41.14,62,4,0.11,0.01
2026-09-23,5393-6523-5769,30,732,565,23780,42.09,56,6,0.14,0.01
2026-09-24,5393-6523-5769,23,519,390,16463,42.21,36,4,0.19,0.02
2026-09-19,2081-7136-6647,64,1838,1565,39276,25.1,53,14,0.12,0.02
2026-09-20,2081-7136-6647,36,866,727,18291,25.16,18,3,0.13,0.04
2026-09-21,2081-7136-6647,167,1614,1419,31565,22.24,80,12,0.11,0.03
2026-09-22,2081-7136-6647,56,1561,1424,30179,21.19,44,7,0.08,0.03
2026-09-23,2081-7136-6647,48,1177,1063,23387,22,42,5,0.09,0.02
2026-09-24,2081-7136-6647,34,637,568,12142,21.38,16,4,0.11,0.02
2026-09-19,6585-5402-3767,49,1433,1216,35243,28.98,93,11,0.18,0.03
2026-09-20,6585-5402-3767,52,1199,990,29111,29.41,60,11,0.17,0.06
2026-09-21,6585-5402-3767,34,592,513,14017,27.32,38,5,0.14,0.06
2026-09-22,6585-5402-3767,93,991,809,20089,24.83,63,2,0.09,0.03
2026-09-23,6585-5402-3767,43,966,710,16598,23.38,59,4,0.18,0.06
2026-09-24,6585-5402-3767,36,715,522,10478,20.07,33,4,0.15,0.06
2026-09-19,8267-8586-5910,87,2583,2225,62861,28.25,87,18,0.14,0.01
2026-09-20,8267-8586-5910,95,2803,2410,71099,29.5,57,17,0.14,0.03
2026-09-21,8267-8586-5910,63,1729,1582,40027,25.3,33,15,0.12,0.04
2026-09-22,8267-8586-5910,64,1621,1459,34343,23.54,43,14,0.08,0.03
2026-09-23,8267-8586-5910,54,1699,1495,36983,24.74,60,23,0.1,0.04
2026-09-24,8267-8586-5910,73,1603,1437,37145,25.85,31,16,0.11,0.03
2026-09-19,4040-1657-7028,29,319,264,9080,34.39,20,6,0.23,0
2026-09-20,4040-1657-7028,24,389,316,9939,31.45,24,5,0.25,0.02
2026-09-21,4040-1657-7028,14,186,155,4707,30.37,14,4,0.19,0.04
2026-09-22,4040-1657-7028,18,204,177,4682,26.45,18,3,0.12,0.02
2026-09-23,4040-1657-7028,18,218,186,4896,26.32,15,2,0.19,0.02
2026-09-24,4040-1657-7028,21,215,185,5166,27.92,18,3,0.19,0.04
2026-09-19,8147-1341-3098,34,907,738,21066,28.54,24,6,0.26,0.09
2026-09-20,8147-1341-3098,34,914,699,21321,30.5,27,6,0.24,0.1
2026-09-21,8147-1341-3098,22,461,356,9959,27.97,2,3,0.18,0.09
2026-09-22,8147-1341-3098,19,374,307,9658,31.46,8,3,0.15,0.08
2026-09-23,8147-1341-3098,23,416,331,9412,28.44,8,5,0.18,0.1
2026-09-24,8147-1341-3098,24,429,329,9764,29.68,8,5,0.25,0.09
2026-09-19,4408-6119-0091,98,521,447,11812,26.43,126,12,,
2026-09-20,4408-6119-0091,277,2238,1800,62103,34.5,332,41,,
2026-09-21,4408-6119-0091,494,2428,1892,63370,33.49,199,22,0.24,
2026-09-22,4408-6119-0091,47,1169,954,29905,31.35,101,14,0.1,
2026-09-23,4408-6119-0091,38,994,844,24672,29.23,83,7,0.13,
2026-09-24,4408-6119-0091,260,1650,1489,34523,23.19,127,4,0.13,
2026-09-19,1920-0272-8790,6,105,73,1971,27,2,,0.17,0.11
2026-09-20,1920-0272-8790,11,139,101,3311,32.78,5,,0.36,0.15
2026-09-21,1920-0272-8790,8,101,74,2267,30.64,1,1,0.26,0.21
2026-09-22,1920-0272-8790,10,100,76,1932,25.42,5,,0.18,0.05
2026-09-23,1920-0272-8790,6,77,63,1727,27.41,4,2,0.2,0.13
2026-09-24,1920-0272-8790,6,91,72,1778,24.69,1,,0.19,0.07
2026-09-19,5730-3480-1526,473,19541,14414,405764,28.15,231,73,0.25,0.06
2026-09-20,5730-3480-1526,513,20191,14943,433347,29,259,75,0.25,0.08
2026-09-21,5730-3480-1526,368,12527,9840,266978,27.13,183,50,0.21,0.08
2026-09-22,5730-3480-1526,359,12617,9691,259841,26.81,174,52,0.15,0.07
2026-09-23,5730-3480-1526,327,11122,8662,240926,27.81,175,49,0.21,0.07
2026-09-24,5730-3480-1526,254,9463,7185,196091,27.29,102,29,0.21,0.07
2026-09-19,8447-6618-4307,9,173,144,3864,26.83,7,,0.27,0.02
2026-09-20,8447-6618-4307,8,186,148,4234,28.61,6,1,0.21,0.05
2026-09-21,8447-6618-4307,9,102,88,2271,25.81,6,,0.17,0.03
2026-09-22,8447-6618-4307,5,78,68,1022,15.03,4,,0.13,0.01
2026-09-23,8447-6618-4307,5,74,69,1140,16.52,3,,0.19,0.01
2026-09-24,8447-6618-4307,6,88,70,1546,22.09,5,1,0.06,0.01
2026-09-19,9369-6922-8408,21,629,510,11425,22.4,13,3,0.2,0.07
2026-09-20,9369-6922-8408,23,636,520,13174,25.33,26,4,0.2,0.09
2026-09-21,9369-6922-8408,17,441,359,9072,25.27,24,2,0.16,0.08
2026-09-22,9369-6922-8408,17,324,265,7778,29.35,13,3,0.13,0.12
2026-09-23,9369-6922-8408,14,353,282,7033,24.94,7,4,0.14,0.12
2026-09-24,9369-6922-8408,13,284,241,5900,24.48,12,3,0.18,0.08
2026-09-19,1687-7763-4146,22,460,372,10890,29.27,18,3,0.17,0.03
2026-09-20,1687-7763-4146,22,417,344,9833,28.58,15,3,0.21,0.06
2026-09-21,1687-7763-4146,11,214,194,5126,26.42,10,2,0.13,0.06
2026-09-22,1687-7763-4146,13,237,207,5521,26.67,16,1,0.11,0.04
2026-09-23,1687-7763-4146,15,182,165,4543,27.53,13,1,0.13,0.03
2026-09-24,1687-7763-4146,20,167,155,3951,25.49,8,,0.13,0.06
2026-09-19,3143-5081-2073,25,610,524,15592,29.76,31,6,0.11,0
2026-09-20,3143-5081-2073,32,713,612,18090,29.56,56,7,0.11,0.02
2026-09-21,3143-5081-2073,22,487,439,12528,28.54,31,4,0.08,0.01
2026-09-22,3143-5081-2073,21,419,391,10982,28.09,27,2,0.06,0.03
2026-09-23,3143-5081-2073,25,425,378,12635,33.43,25,2,0.04,0.03
2026-09-24,3143-5081-2073,20,471,424,12654,29.84,25,5,0.08,0.02
2026-09-19,1928-1141-5679,23,307,236,8122,34.42,14,5,0.16,0.03
2026-09-20,1928-1141-5679,19,235,179,6808,38.03,13,2,0.18,0.04
2026-09-21,1928-1141-5679,13,158,121,4360,36.03,3,1,0.16,0.06
2026-09-22,1928-1141-5679,9,158,122,4111,33.7,12,1,0.13,0.03
2026-09-23,1928-1141-5679,13,163,129,6030,46.74,5,,0.12,0.03
2026-09-24,1928-1141-5679,21,213,156,6037,38.7,6,2,0.25,0.08
2026-09-19,7792-2067-3778,114,1327,1113,26252,23.59,92,9,0.13,0.07
2026-09-20,7792-2067-3778,33,700,573,16723,29.18,29,6,0.25,0.07
2026-09-21,7792-2067-3778,19,364,310,7648,24.67,20,2,0.1,0.05
2026-09-22,7792-2067-3778,19,340,285,5817,20.41,16,2,0.11,0.06
2026-09-23,7792-2067-3778,17,323,278,6642,23.89,25,1,0.17,0.04
2026-09-24,7792-2067-3778,13,289,241,5028,20.86,21,2,0.14,0.07
2026-09-19,7908-3575-3887,9,192,117,3517,30.06,8,1,0.25,0.17
2026-09-20,7908-3575-3887,9,161,109,4133,37.92,7,3,0.21,0.1
2026-09-21,7908-3575-3887,10,138,92,3103,33.73,2,,0.16,0.11
2026-09-22,7908-3575-3887,5,120,70,1897,27.1,3,1,0.15,0.13
2026-09-23,7908-3575-3887,7,91,61,2224,36.46,5,,0.14,0.1
2026-09-24,7908-3575-3887,4,101,64,2437,38.08,3,,0.15,0.11
2026-09-19,9932-1003-0814,10,120,89,2841,31.92,17,1,0.2,0.01
2026-09-20,9932-1003-0814,9,145,104,3016,29,11,2,0.16,0.05
2026-09-21,9932-1003-0814,7,111,82,3624,44.2,12,2,0.11,0.07
2026-09-22,9932-1003-0814,12,161,135,6386,47.3,16,,0.15,0.04
2026-09-23,9932-1003-0814,10,108,92,3039,33.03,19,1,0.19,0.08
2026-09-24,9932-1003-0814,10,111,86,3989,46.38,20,2,0.14,0.07
2026-09-19,0303-7523-9533,422,2413,2036,47072,23.12,88,26,0.12,0.05
2026-09-20,0303-7523-9533,30,825,672,17646,26.26,20,9,0.2,0.06
2026-09-21,0303-7523-9533,17,378,322,6965,21.63,21,3,0.11,0.05
2026-09-22,0303-7523-9533,15,288,240,5368,22.37,11,2,0.11,0.04
2026-09-23,0303-7523-9533,18,287,240,5791,24.13,12,8,0.16,0.01
2026-09-24,0303-7523-9533,15,227,202,4488,22.22,7,1,0.17,0.03
2026-09-19,4197-7203-9083,15,256,224,5521,24.65,9,3,0.12,0.02
2026-09-20,4197-7203-9083,15,289,222,6587,29.67,8,1,0.19,0.07
2026-09-21,4197-7203-9083,10,183,145,3376,23.28,10,3,0.15,0.04
2026-09-22,4197-7203-9083,9,129,120,2611,21.76,3,1,0.09,0.05
2026-09-23,4197-7203-9083,15,141,113,3559,31.5,4,1,0.12,0.02
2026-09-24,4197-7203-9083,10,139,115,2605,22.65,4,,0.14,0.04
2026-09-19,8204-1884-1312,85,3813,3245,63847,19.68,122,62,0.12,0.01
2026-09-20,8204-1884-1312,74,3435,2919,54997,18.84,105,55,0.11,0.02
2026-09-21,8204-1884-1312,55,1821,1686,30956,18.36,55,22,0.1,0.02
2026-09-22,8204-1884-1312,51,1586,1441,25163,17.46,54,12,0.07,0.01
2026-09-23,8204-1884-1312,40,1472,1368,22765,16.64,49,15,0.08,0.01
2026-09-24,8204-1884-1312,36,1124,1019,15841,15.55,39,6,0.09,0.01
2026-09-19,2227-9882-9436,21,706,485,11759,24.25,27,11,0.24,0.07
2026-09-20,2227-9882-9436,19,578,414,9606,23.2,18,4,0.27,0.07
2026-09-21,2227-9882-9436,19,391,300,7358,24.53,16,3,0.18,0.07
2026-09-22,2227-9882-9436,23,361,260,5345,20.56,18,5,0.14,0.08
2026-09-23,2227-9882-9436,18,362,253,6844,27.05,14,1,0.16,0.07
2026-09-24,2227-9882-9436,16,307,223,6140,27.53,13,,0.19,0.04
2026-09-19,2333-8797-6447,14,174,139,3361,24.18,9,1,0.27,0.1
2026-09-20,2333-8797-6447,11,151,122,3562,29.2,6,,0.18,0.04
2026-09-21,2333-8797-6447,7,121,93,2834,30.47,5,2,0.14,0.03
2026-09-22,2333-8797-6447,5,87,65,1879,28.91,3,,0.11,0.08
2026-09-23,2333-8797-6447,7,101,80,2136,26.7,8,1,0.13,0.07
2026-09-24,2333-8797-6447,5,66,51,996,19.53,3,1,0.13,0.04
2026-09-19,5495-6856-5051,16,447,360,8994,24.98,17,6,0.08,0.01
2026-09-20,5495-6856-5051,19,409,327,7585,23.2,14,,0.17,0.03
2026-09-21,5495-6856-5051,16,270,230,4729,20.56,12,3,0.1,0.01
2026-09-22,5495-6856-5051,13,186,158,3299,20.88,7,1,0.09,0.01
2026-09-23,5495-6856-5051,11,226,191,3663,19.18,7,1,0.07,0.04
2026-09-24,5495-6856-5051,17,210,190,3977,20.93,7,2,0.09,0.03
2026-09-19,7169-3223-3796,22,624,470,11478,24.42,15,2,0.21,0.08
2026-09-20,7169-3223-3796,24,639,497,13061,26.28,15,4,0.23,0.08
2026-09-21,7169-3223-3796,17,420,324,7936,24.49,5,3,0.22,0.09
2026-09-22,7169-3223-3796,17,420,333,7782,23.37,9,5,0.17,0.1
2026-09-23,7169-3223-3796,13,431,337,7398,21.95,5,2,0.24,0.11
2026-09-24,7169-3223-3796,13,352,289,6692,23.16,6,2,0.23,0.08
2026-09-19,0541-3572-6836,31,428,366,8849,24.18,30,6,0.12,0.04
2026-09-20,0541-3572-6836,26,568,458,12009,26.22,30,3,0.15,0.03
2026-09-21,0541-3572-6836,21,382,324,7720,23.83,14,1,0.14,0.03
2026-09-22,0541-3572-6836,14,262,232,4865,20.97,12,3,0.1,0.02
2026-09-23,0541-3572-6836,14,229,193,4255,22.05,13,,0.13,0.05
2026-09-24,0541-3572-6836,12,184,150,2523,16.82,16,,0.11,0.03
2026-09-19,2289-8522-7723,6,58,36,1313,36.47,1,2,0.12,0
2026-09-20,2289-8522-7723,5,45,37,717,19.38,2,1,0.21,0.12
2026-09-21,2289-8522-7723,4,26,19,604,31.79,1,,0.17,0.05
2026-09-22,2289-8522-7723,7,39,33,1026,31.09,,1,0.16,0.18
2026-09-23,2289-8522-7723,3,36,34,560,16.47,3,,0.3,0.29
2026-09-24,2289-8522-7723,6,34,25,1093,43.72,2,,0.27,0
2026-09-19,3990-8854-3423,7,125,99,2998,30.28,3,1,0.15,0
2026-09-20,3990-8854-3423,298,1233,1022,32743,32.04,45,2,0.12,0.01
2026-09-21,3990-8854-3423,21,379,335,8986,26.82,14,1,0.16,0
2026-09-22,3990-8854-3423,11,189,175,4804,27.45,10,,0.08,0.01
2026-09-23,3990-8854-3423,8,90,70,2353,33.61,3,,0.1,0
2026-09-24,3990-8854-3423,8,75,68,1689,24.84,,,0.1,0.01
2026-09-19,2888-6240-2668,6,60,46,998,21.7,3,3,0.2,0.05
2026-09-20,2888-6240-2668,6,64,46,1321,28.72,2,1,0.13,0.1
2026-09-21,2888-6240-2668,5,44,38,818,21.53,2,,0.19,0.07
2026-09-22,2888-6240-2668,3,27,25,421,16.84,5,1,0.17,0
2026-09-23,2888-6240-2668,4,28,29,515,17.76,2,1,0.11,0.03
2026-09-24,2888-6240-2668,3,30,25,587,23.48,2,,0.12,0.03
2026-09-19,8541-2532-0056,9,227,167,3306,19.8,17,,0.2,0.03
2026-09-20,8541-2532-0056,12,262,190,5157,27.14,16,4,0.25,0.02
2026-09-21,8541-2532-0056,6,44,40,857,21.43,1,,0.11,0.03
2026-09-22,8541-2532-0056,9,114,94,1695,18.03,11,1,0.06,0.09
2026-09-23,8541-2532-0056,8,131,111,1893,17.05,16,3,0.29,0.02
2026-09-24,8541-2532-0056,9,100,82,1681,20.5,6,2,0.18,0
2026-09-19,9870-6695-7338,38,1135,900,22501,25,34,7,0.13,0.04
2026-09-20,9870-6695-7338,30,906,718,17983,25.05,29,3,0.11,0.04
2026-09-21,9870-6695-7338,16,503,386,8588,22.25,20,1,0.12,0.03
2026-09-22,9870-6695-7338,17,474,379,8688,22.92,19,2,0.07,0.02
2026-09-23,9870-6695-7338,19,456,375,8631,23.02,15,3,0.12,0.03
2026-09-24,9870-6695-7338,21,425,329,7598,23.09,11,3,0.11,0.01
2026-09-19,4991-7203-8899,415,1742,1523,40650,26.69,82,13,0.17,0.01
2026-09-20,4991-7203-8899,30,467,353,10485,29.7,15,1,0.13,0.02
2026-09-21,4991-7203-8899,139,675,572,14914,26.07,34,5,0.08,0.05
2026-09-22,4991-7203-8899,18,238,181,6012,33.22,8,1,0.09,0.02
2026-09-23,4991-7203-8899,11,125,109,2980,27.34,9,,0.11,0.11
2026-09-24,4991-7203-8899,11,113,101,2651,26.25,5,,0.13,0.03
2026-09-19,9884-3371-8076,6,229,196,3236,16.51,25,,0.16,0
2026-09-20,9884-3371-8076,10,194,170,2913,17.14,16,3,0.06,0.01
2026-09-21,9884-3371-8076,6,107,83,1734,20.89,9,1,0.1,0.01
2026-09-22,9884-3371-8076,4,112,100,1314,13.14,4,,0.07,0
2026-09-23,9884-3371-8076,9,115,101,1689,16.72,11,1,0.14,0
2026-09-24,9884-3371-8076,5,95,86,1231,14.31,7,,0.11,0
2026-09-19,6265-6055-3987,4,46,40,755,18.88,,,0,0.04
2026-09-20,6265-6055-3987,4,36,28,792,28.29,1,1,0.06,0.12
2026-09-21,6265-6055-3987,5,19,16,564,35.25,,,0.11,0.08
2026-09-22,6265-6055-3987,5,23,18,512,28.44,2,1,0.18,0
2026-09-23,6265-6055-3987,6,20,18,597,33.17,,,0.22,0
2026-09-24,6265-6055-3987,4,19,15,228,15.2,,,0.3,0.13
2026-09-19,7999-0306-9790,15,224,186,4428,23.81,16,1,0.18,0.02
2026-09-20,7999-0306-9790,19,239,207,4722,22.81,21,2,0.11,0.03
2026-09-21,7999-0306-9790,12,171,150,3098,20.65,11,,0.09,0.03
2026-09-22,7999-0306-9790,11,177,155,3176,20.49,14,1,0.13,0.03
2026-09-23,7999-0306-9790,7,142,114,2430,21.32,8,1,0.14,0.03
2026-09-24,7999-0306-9790,12,122,102,1939,19.01,6,2,0.08,0.01
2026-09-19,1145-2340-7064,6,70,52,1614,31.04,6,,0.31,0.03
2026-09-20,1145-2340-7064,5,38,28,1024,36.57,3,,0.41,0.05
2026-09-21,1145-2340-7064,6,41,35,921,26.31,3,1,0.06,0.04
2026-09-22,1145-2340-7064,5,32,29,762,26.28,7,,0.11,0.04
2026-09-23,1145-2340-7064,5,46,35,981,28.03,2,,0.06,0
2026-09-24,1145-2340-7064,5,35,33,873,26.45,1,,0.1,0.06
2026-09-19,8035-2765-6849,11,174,143,3756,26.27,15,5,0.08,0.03
2026-09-20,8035-2765-6849,11,176,147,3181,21.64,8,,0.12,0.05
2026-09-21,8035-2765-6849,13,111,101,2780,27.52,3,,0.09,0.03
2026-09-22,8035-2765-6849,8,90,68,1610,23.68,5,,0.05,0.03
2026-09-23,8035-2765-6849,6,82,65,1277,19.65,,,0.14,0.01
2026-09-24,8035-2765-6849,6,63,62,1013,16.34,3,,0.11,0.02
2026-09-19,0211-9658-7507,11,91,70,3040,43.43,7,1,0.13,0
2026-09-20,0211-9658-7507,9,66,45,2005,44.56,3,,0.31,0.08
2026-09-21,0211-9658-7507,5,41,36,832,23.11,1,1,0.14,0.09
2026-09-22,0211-9658-7507,5,40,32,920,28.75,,,0.23,0
2026-09-23,0211-9658-7507,5,49,37,1498,40.49,2,,0.22,0
2026-09-24,0211-9658-7507,7,37,33,820,24.85,2,,0.09,0
2026-09-19,6773-4451-6105,24,574,448,13015,29.05,27,4,0.23,0.16
2026-09-20,6773-4451-6105,20,521,418,13113,31.37,13,6,0.21,0.12
2026-09-21,6773-4451-6105,19,394,327,11400,34.86,17,3,0.11,0.1
2026-09-22,6773-4451-6105,23,344,262,10228,39.04,14,6,0.1,0.11
2026-09-23,6773-4451-6105,14,282,213,7955,37.35,10,3,0.12,0.09
2026-09-24,6773-4451-6105,16,277,227,8503,37.46,8,,0.12,0.11
2026-09-19,7233-0520-8021,6,156,123,2472,20.1,31,1,0.24,0
2026-09-20,7233-0520-8021,8,163,129,3050,23.64,32,1,0.15,0.04
2026-09-21,7233-0520-8021,8,130,103,2806,27.24,17,2,0.13,0.02
2026-09-22,7233-0520-8021,6,103,83,2072,24.96,16,,0.11,0
2026-09-23,7233-0520-8021,5,73,54,1447,26.8,11,,0.12,0
2026-09-24,7233-0520-8021,3,40,32,1067,33.34,10,,0.17,0.02
2026-09-19,9973-6898-1230,7,132,106,1755,16.56,12,,0.05,0.04
2026-09-20,9973-6898-1230,10,151,133,2375,17.86,13,3,0.15,0.02
2026-09-21,9973-6898-1230,7,72,60,1174,19.57,7,,0.12,0.03
2026-09-22,9973-6898-1230,7,55,48,903,18.81,7,1,0.04,0.04
2026-09-23,9973-6898-1230,5,37,33,520,15.76,2,,0.16,0
2026-09-24,9973-6898-1230,4,44,37,599,16.19,2,1,0.06,0.05
2026-09-19,9644-2509-6380,5,60,38,858,22.58,3,1,0.2,0
2026-09-20,9644-2509-6380,6,89,42,1267,30.17,2,,0.14,0.07
2026-09-21,9644-2509-6380,4,33,14,539,38.5,4,,0.17,0.04
2026-09-22,9644-2509-6380,2,22,16,392,24.5,,1,0.07,0
2026-09-23,9644-2509-6380,4,24,21,440,20.95,2,,0.38,0.11
2026-09-24,9644-2509-6380,4,22,21,261,12.43,,,0.06,0.05
2026-09-19,7893-9546-9714,44,314,278,4650,16.73,7,,0.05,0.03
2026-09-20,7893-9546-9714,59,389,341,6591,19.33,15,3,0.13,0.03
2026-09-21,7893-9546-9714,43,208,193,3939,20.41,12,1,0.08,0.01
2026-09-22,7893-9546-9714,43,243,223,4566,20.48,11,3,0.06,0
2026-09-23,7893-9546-9714,16,143,116,3050,26.29,5,,0.09,0.02
2026-09-24,7893-9546-9714,52,208,185,4149,22.43,7,1,0.05,0.01
2026-09-19,0557-8825-3195,36,955,868,18212,20.98,22,2,0.08,0.02
2026-09-20,0557-8825-3195,96,1408,1282,24716,19.28,24,6,0.06,0.01
2026-09-21,0557-8825-3195,106,1327,1210,21147,17.48,28,7,0.07,0.01
2026-09-22,0557-8825-3195,91,964,866,14162,16.35,26,3,0.05,0.01
2026-09-23,0557-8825-3195,21,659,606,10731,17.71,19,,0.05,0.01
2026-09-24,0557-8825-3195,24,562,523,9508,18.18,18,2,0.05,0.01
2026-09-19,1106-0409-7548,8,131,109,2693,24.71,11,,0.19,0
2026-09-20,1106-0409-7548,9,141,117,3477,29.72,11,2,0.06,0.01
2026-09-21,1106-0409-7548,10,95,77,1871,24.3,2,,0.13,0.04
2026-09-22,1106-0409-7548,5,38,37,664,17.95,4,,0.1,0.03
2026-09-23,1106-0409-7548,9,63,53,1292,24.38,3,1,0.08,0
2026-09-24,1106-0409-7548,6,69,58,1831,31.57,9,1,0.03,0.02
2026-09-19,5010-2780-4845,419,9034,8025,158678,19.77,386,72,0.07,0.01
2026-09-20,5010-2780-4845,384,7997,7043,141738,20.12,338,61,0.09,0.01
2026-09-21,5010-2780-4845,89,2691,2398,44528,18.57,114,24,0.07,0.01
2026-09-22,5010-2780-4845,71,2122,1889,35359,18.72,98,19,0.04,0.01
2026-09-23,5010-2780-4845,53,1672,1494,25718,17.21,76,14,0.05,0.01
2026-09-24,5010-2780-4845,52,1491,1280,23880,18.66,69,10,0.06,0.01
2026-09-19,0553-0179-0979,6,54,47,748,15.91,4,,0.06,0.5
2026-09-20,0553-0179-0979,2,21,18,264,14.67,2,1,0.1,0
2026-09-21,0553-0179-0979,2,7,5,228,45.6,1,,0,0.17
2026-09-22,0553-0179-0979,2,8,7,396,56.57,2,1,0.06,0
2026-09-23,0553-0179-0979,2,21,20,383,19.15,3,,0.2,0.33
2026-09-24,0553-0179-0979,2,13,12,416,34.67,3,,0.43,0.01
2026-09-19,8212-2620-5211,16,357,302,5625,18.63,12,3,0.1,0.05
2026-09-20,8212-2620-5211,35,424,378,7276,19.25,26,5,0.08,0.03
2026-09-21,8212-2620-5211,15,247,216,3698,17.12,14,3,0.09,0.03
2026-09-22,8212-2620-5211,10,176,156,2565,16.44,12,2,0.07,0.01
2026-09-23,8212-2620-5211,16,225,191,4035,21.13,8,1,0.07,0.04
2026-09-24,8212-2620-5211,13,192,159,3221,20.26,12,3,0.09,0.02
2026-09-19,2326-0481-5082,10,199,176,2331,13.24,18,3,0.16,0.02
2026-09-20,2326-0481-5082,9,123,104,2379,22.88,6,,0.14,0.04
2026-09-21,2326-0481-5082,5,46,41,756,18.44,2,,0.06,0.01
2026-09-22,2326-0481-5082,5,70,62,1002,16.16,6,,0.07,0.02
2026-09-23,2326-0481-5082,5,97,83,1293,15.58,6,,0.15,0.14
2026-09-24,2326-0481-5082,5,66,63,1047,16.62,8,,0.08,0.02
2026-09-19,6506-1281-5714,6,114,88,1537,17.47,9,,0.08,0.05
2026-09-20,6506-1281-5714,8,118,96,2187,22.78,1,,0.03,0.02
2026-09-21,6506-1281-5714,4,41,33,529,16.03,1,,0.11,0.01
2026-09-22,6506-1281-5714,5,39,31,430,13.87,1,,0.03,0.03
2026-09-23,6506-1281-5714,7,68,62,1041,16.79,8,,0.06,0
2026-09-24,6506-1281-5714,6,68,61,1010,16.56,5,1,0.03,0
2026-09-19,1755-3106-1265,17,384,317,7679,24.22,14,3,0.1,0.02
2026-09-20,1755-3106-1265,16,351,305,7204,23.62,19,1,0.17,0.02
2026-09-21,1755-3106-1265,16,186,155,3752,24.21,9,3,0.07,0.02
2026-09-22,1755-3106-1265,14,202,168,3833,22.82,10,2,0.04,0.01
2026-09-23,1755-3106-1265,10,199,177,3438,19.42,11,1,0.14,0.05
2026-09-24,1755-3106-1265,17,146,130,2673,20.56,5,2,0.12,0.04
2026-09-19,7313-5778-0976,7,138,115,2199,19.12,7,1,0.13,0.03
2026-09-20,7313-5778-0976,6,123,86,1693,19.69,7,1,0.09,0.07
2026-09-21,7313-5778-0976,8,86,70,1356,19.37,4,1,0.08,0.03
2026-09-22,7313-5778-0976,4,76,53,1041,19.64,3,1,0.07,0.06
2026-09-23,7313-5778-0976,4,64,53,726,13.7,3,1,0.11,0.08
2026-09-24,7313-5778-0976,5,87,69,905,13.12,4,2,0.1,0.04
2026-09-19,0583-8260-2280,3,24,20,318,15.9,1,,0,0
2026-09-20,0583-8260-2280,4,27,22,645,29.32,,,0,0
2026-09-21,0583-8260-2280,3,8,8,303,37.88,1,,0.19,0
2026-09-22,0583-8260-2280,6,42,33,523,15.85,2,,0.14,0
2026-09-23,0583-8260-2280,3,40,40,416,10.4,6,,0,0
2026-09-24,0583-8260-2280,3,18,18,167,9.28,2,,0.03,0
2026-09-19,9696-7123-4327,43,434,357,8961,25.1,22,1,0.15,0.01
2026-09-20,9696-7123-4327,17,251,197,6146,31.2,18,3,0.07,0.02
2026-09-21,9696-7123-4327,19,217,198,4247,21.45,21,1,0.06,0.02
2026-09-22,9696-7123-4327,17,217,188,4170,22.18,13,5,0.07,0.02
2026-09-23,9696-7123-4327,21,283,242,4995,20.64,22,,0.07,0.02
2026-09-24,9696-7123-4327,22,231,201,5983,29.77,15,4,0.12,0.01
2026-09-19,7066-2546-7626,9,141,113,2398,21.22,7,,0.25,0.02
2026-09-20,7066-2546-7626,9,117,101,1951,19.32,3,2,0.17,0.03
2026-09-21,7066-2546-7626,4,16,13,236,18.15,1,,0.07,0.03
2026-09-22,7066-2546-7626,5,44,36,816,22.67,,,0.02,0
2026-09-23,7066-2546-7626,14,61,54,2008,37.19,3,1,0.07,0.03
2026-09-24,7066-2546-7626,8,51,43,1456,33.86,,1,0.22,0.04
2026-09-19,4111-3985-2439,34,867,732,15674,21.41,34,6,0.11,0
2026-09-20,4111-3985-2439,470,2512,2187,41451,18.95,99,5,0.07,0.01
2026-09-21,4111-3985-2439,68,941,831,14955,18,38,3,0.1,0.01
2026-09-22,4111-3985-2439,54,933,844,14956,17.72,39,5,0.04,0.01
2026-09-23,4111-3985-2439,16,311,290,4881,16.83,13,,0.08,0
2026-09-24,4111-3985-2439,15,251,217,4012,18.49,6,1,0.05,0
2026-09-19,4780-6773-6283,9,95,81,1621,20.01,4,,0.08,0
2026-09-20,4780-6773-6283,7,78,67,1865,27.84,6,,0.11,0
2026-09-21,4780-6773-6283,5,55,45,1204,26.76,1,,0.1,0.04
2026-09-22,4780-6773-6283,8,36,38,640,16.84,5,,0.16,0.16
2026-09-23,4780-6773-6283,4,24,21,381,18.14,1,,0.13,0.06
2026-09-24,4780-6773-6283,4,28,23,671,29.17,6,,0.06,0
2026-09-19,5444-3887-9394,6,86,77,1051,13.65,3,2,0.1,0.03
2026-09-20,5444-3887-9394,7,117,104,1579,15.18,7,2,0.09,0.03
2026-09-21,5444-3887-9394,4,58,51,557,10.92,,,0.12,0.01
2026-09-22,5444-3887-9394,4,42,36,460,12.78,3,,0.03,0
2026-09-23,5444-3887-9394,7,72,60,1018,16.97,2,1,0.08,0
2026-09-24,5444-3887-9394,7,92,80,1510,18.88,9,,0.05,0
2026-09-19,1552-8263-8818,3,45,39,513,13.15,7,1,0.04,0
2026-09-20,1552-8263-8818,4,58,50,849,16.98,6,1,0.04,0
2026-09-21,1552-8263-8818,3,23,20,250,12.5,3,,0.02,0
2026-09-22,1552-8263-8818,3,32,27,492,18.22,2,,0.02,0
2026-09-23,1552-8263-8818,7,35,32,662,20.69,1,,0,0
2026-09-24,1552-8263-8818,3,22,19,148,7.79,2,1,0.14,0
2026-09-19,4051-7721-1409,5,58,50,1353,27.06,7,,0.13,0.04
2026-09-20,4051-7721-1409,5,42,36,851,23.64,3,,0.07,0.04
2026-09-21,4051-7721-1409,4,14,14,447,31.93,1,,0.16,0
2026-09-22,4051-7721-1409,7,32,31,805,25.97,2,,0,0
2026-09-23,4051-7721-1409,5,32,34,1084,31.88,5,1,0.08,0
2026-09-24,4051-7721-1409,5,31,23,816,35.48,5,,0.03,0
2026-09-19,3666-7979-0825,21,368,297,10560,35.56,22,4,0.07,0.04
2026-09-20,3666-7979-0825,17,323,275,8696,31.62,29,4,0.13,0.03
2026-09-21,3666-7979-0825,19,197,177,6608,37.33,11,1,0.12,0.04
2026-09-22,3666-7979-0825,12,196,164,5280,32.2,14,1,0.08,0.06
2026-09-23,3666-7979-0825,19,235,202,5709,28.26,16,,0.11,0.03
2026-09-24,3666-7979-0825,18,215,184,4776,25.96,7,1,0.16,0.03
2026-09-19,1886-7553-2487,7,81,75,1358,18.11,13,1,0.04,0.05
2026-09-20,1886-7553-2487,4,56,47,657,13.98,15,1,0.05,0
2026-09-21,1886-7553-2487,5,22,19,360,18.95,3,,0.05,0.02
2026-09-22,1886-7553-2487,6,39,33,864,26.18,2,,0.06,0
2026-09-23,1886-7553-2487,3,21,22,504,22.91,1,,0.12,0.04
2026-09-24,1886-7553-2487,4,25,21,498,23.71,3,,0.03,0
2026-09-19,5504-0318-7506,8,95,75,1580,21.07,6,,0.06,0.01
2026-09-20,5504-0318-7506,8,119,99,2103,21.24,2,,0.08,0.04
2026-09-21,5504-0318-7506,4,49,44,731,16.61,3,,0.06,0.01
2026-09-22,5504-0318-7506,4,38,33,650,19.7,2,,0.03,0.03
2026-09-23,5504-0318-7506,8,62,43,1146,26.65,6,,0.02,0.06
2026-09-24,5504-0318-7506,5,40,32,770,24.06,3,,0.11,0.03
2026-09-19,2788-3755-9031,16,387,295,5290,17.93,19,6,0.12,0.02
2026-09-20,2788-3755-9031,19,398,290,5975,20.6,14,12,0.14,0.03
2026-09-21,2788-3755-9031,10,279,217,4422,20.38,16,4,0.12,0.05
2026-09-22,2788-3755-9031,9,231,173,3017,17.44,14,1,0.08,0.02
2026-09-23,2788-3755-9031,14,199,158,3475,21.99,6,2,0.12,0.03
2026-09-24,2788-3755-9031,10,189,147,2506,17.05,9,3,0.1,0.03
2026-09-19,2856-4330-2747,7,136,119,2249,18.9,11,,0.17,0.04
2026-09-20,2856-4330-2747,10,98,87,1695,19.48,8,2,0.08,0.03
2026-09-21,2856-4330-2747,4,47,42,799,19.02,2,,0.03,0.01
2026-09-22,2856-4330-2747,5,47,33,668,20.24,1,,0.1,0
2026-09-23,2856-4330-2747,2,30,26,317,12.19,,,0.05,0.01
2026-09-24,2856-4330-2747,3,41,33,510,15.45,1,,0.08,0.01
2026-09-19,3427-8823-6283,7,120,114,2194,19.25,5,,0.16,0
2026-09-20,3427-8823-6283,8,150,132,2713,20.55,11,1,0.06,0.01
2026-09-21,3427-8823-6283,8,83,70,1309,18.7,5,,0.1,0.01
2026-09-22,3427-8823-6283,5,58,57,1507,26.44,4,1,0.08,0.04
2026-09-23,3427-8823-6283,5,48,40,911,22.77,3,,0.1,0.02
2026-09-24,3427-8823-6283,5,54,46,923,20.07,1,,0.14,0
2026-09-19,8612-8312-3179,35,617,462,11685,25.29,36,6,0.11,0.05
2026-09-20,8612-8312-3179,25,669,513,13725,26.75,38,9,0.13,0.04
2026-09-21,8612-8312-3179,19,476,394,9582,24.32,32,2,0.12,0.03
2026-09-22,8612-8312-3179,21,432,361,8649,23.96,24,5,0.09,0.05
2026-09-23,8612-8312-3179,17,440,355,8338,23.49,28,1,0.11,0.03
2026-09-24,8612-8312-3179,19,343,275,6582,23.93,23,1,0.1,0.03
2026-09-19,6522-1299-1581,6,96,85,1078,12.68,10,,0.08,0.03
2026-09-20,6522-1299-1581,5,88,81,979,12.09,16,,0.02,0.02
2026-09-21,6522-1299-1581,4,63,56,701,12.52,2,1,0.05,0.02
2026-09-22,6522-1299-1581,3,41,35,527,15.06,5,,0.02,0.02
2026-09-23,6522-1299-1581,3,40,40,643,16.07,3,,0.04,0.02
2026-09-24,6522-1299-1581,3,51,43,573,13.33,4,,0.05,0.02
2026-09-19,6531-9657-1166,19,607,505,6530,12.93,15,,0.12,0.04
2026-09-20,6531-9657-1166,20,587,523,6309,12.06,18,,0.13,0.04
2026-09-21,6531-9657-1166,16,362,289,4243,14.68,12,1,0.1,0.03
2026-09-22,6531-9657-1166,13,260,223,2818,12.64,6,2,0.07,0.02
2026-09-23,6531-9657-1166,12,297,237,2762,11.65,14,1,0.08,0.03
2026-09-24,6531-9657-1166,13,283,256,3121,12.19,13,1,0.07,0.03
2026-09-19,0399-8236-5535,19,278,217,7007,32.29,13,1,0.16,0.01
2026-09-20,0399-8236-5535,19,373,308,9646,31.32,12,1,0.14,0.01
2026-09-21,0399-8236-5535,12,228,194,5219,26.9,12,3,0.15,0.04
2026-09-22,0399-8236-5535,11,161,129,3497,27.11,9,1,0.07,0.02
2026-09-23,0399-8236-5535,10,164,134,4362,32.55,4,,0.08,0.04
2026-09-24,0399-8236-5535,7,138,103,2624,25.48,5,2,0.12,0
2026-09-19,9488-7387-2950,10,204,159,4038,25.4,12,7,0.23,0.06
2026-09-20,9488-7387-2950,11,168,145,3566,24.59,6,3,0.22,0.09
2026-09-21,9488-7387-2950,8,101,71,1928,27.15,4,1,0.14,0.04
2026-09-22,9488-7387-2950,5,54,45,1024,22.76,4,,0.12,0.04
2026-09-23,9488-7387-2950,6,81,62,1580,25.48,3,1,0.09,0.07
2026-09-24,9488-7387-2950,7,95,74,2149,29.04,5,1,0.19,0.04
2026-09-19,1975-2264-9250,48,460,427,6423,15.04,12,3,0.02,0.01
2026-09-20,1975-2264-9250,61,501,434,6677,15.38,10,2,0.04,0
2026-09-21,1975-2264-9250,67,473,429,6732,15.69,6,2,0.04,0.01
2026-09-22,1975-2264-9250,29,380,352,4464,12.68,9,2,0.02,0.01
2026-09-23,1975-2264-9250,40,327,306,5158,16.86,14,1,0.02,0
2026-09-24,1975-2264-9250,48,394,377,5760,15.28,9,2,0.04,0
2026-09-19,0412-3576-9545,25,1350,824,14364,17.43,54,,0.14,0.01
2026-09-20,0412-3576-9545,33,1419,856,13877,16.21,55,2,0.1,0.02
2026-09-21,0412-3576-9545,23,558,348,6700,19.25,16,,0.1,0.03
2026-09-22,0412-3576-9545,16,389,248,4436,17.89,9,,0.08,0.01
2026-09-23,0412-3576-9545,11,317,209,3869,18.51,10,,0.08,0.03
2026-09-24,0412-3576-9545,8,206,133,2146,16.14,9,1,0.1,0.01
2026-09-19,0326-8397-9394,12,193,178,3579,20.11,9,,0.09,0.01
2026-09-20,0326-8397-9394,13,226,169,4208,24.9,16,6,0.05,0
2026-09-21,0326-8397-9394,14,139,112,1871,16.71,12,,0.04,0
2026-09-22,0326-8397-9394,9,116,108,2211,20.47,7,,0.08,0.01
2026-09-23,0326-8397-9394,10,98,85,1446,17.01,8,1,0.06,0.04
2026-09-24,0326-8397-9394,13,116,83,2987,35.99,11,,0.06,0.01
2026-09-19,9113-3115-4635,243,532,613,15360,25.06,41,11,0.12,0
2026-09-20,9113-3115-4635,20,176,162,4312,26.62,12,2,0.09,0
2026-09-21,9113-3115-4635,111,324,299,8586,28.72,31,2,0.05,0
2026-09-22,9113-3115-4635,7,42,42,885,21.07,5,,0.04,0.04
2026-09-23,9113-3115-4635,8,67,65,1086,16.71,4,,0.01,0
2026-09-24,9113-3115-4635,10,78,65,1630,25.08,6,,0.05,0.03
2026-09-19,0356-1500-4514,5,57,34,625,18.38,1,1,0.2,0.01
2026-09-20,0356-1500-4514,6,75,59,925,15.68,6,,0.11,0
2026-09-21,0356-1500-4514,7,44,33,385,11.67,3,,0.41,0.13
2026-09-22,0356-1500-4514,4,48,40,412,10.3,,,0.15,0.09
2026-09-23,0356-1500-4514,3,22,18,180,10,2,,0.14,0.04
2026-09-24,0356-1500-4514,5,49,43,934,21.72,1,,0.02,0
2026-09-19,0594-0380-5759,22,346,264,6842,25.92,20,1,0.25,0.04
2026-09-20,0594-0380-5759,17,252,193,7123,36.91,12,2,0.19,0.04
2026-09-21,0594-0380-5759,10,139,122,3052,25.02,6,1,0.14,0.04
2026-09-22,0594-0380-5759,9,88,76,1791,23.57,3,,0.12,0.07
2026-09-23,0594-0380-5759,8,101,84,2650,31.55,4,,0.07,0.03
2026-09-24,0594-0380-5759,6,67,59,1770,30,1,,0.09,0.04
2026-09-19,8886-7878-9460,11,200,158,3953,25.02,4,,0.08,0.01
2026-09-20,8886-7878-9460,13,215,193,4460,23.11,12,6,0.15,0.01
2026-09-21,8886-7878-9460,12,182,156,3195,20.48,14,3,0.05,0.02
2026-09-22,8886-7878-9460,11,151,130,2551,19.62,9,1,0.07,0.02
2026-09-23,8886-7878-9460,12,153,126,2344,18.6,9,,0.08,0
2026-09-24,8886-7878-9460,11,86,87,1458,16.76,3,1,0.1,0.02
2026-09-19,0315-9684-1124,18,314,236,9451,40.05,20,3,0.17,0.06
2026-09-20,0315-9684-1124,18,321,225,9219,40.97,20,3,0.23,0.06
2026-09-21,0315-9684-1124,14,216,152,6644,43.71,15,3,0.17,0.1
2026-09-22,0315-9684-1124,12,204,140,5783,41.31,14,3,0.14,0.07
2026-09-23,0315-9684-1124,12,193,137,5536,40.41,14,2,0.16,0.08
2026-09-24,0315-9684-1124,14,154,100,5277,52.77,10,4,0.22,0.08
2026-09-19,2972-5862-8877,74,545,494,11937,24.16,35,18,0.14,0.01
2026-09-20,2972-5862-8877,15,309,256,6998,27.34,13,4,0.1,0.03
2026-09-21,2972-5862-8877,8,171,152,4039,26.57,8,3,0.09,0.03
2026-09-22,2972-5862-8877,41,292,258,5356,20.76,8,5,0.09,0.01
2026-09-23,2972-5862-8877,6,129,117,2416,20.65,5,2,0.13,0.02
2026-09-24,2972-5862-8877,9,91,83,2205,26.57,4,2,0.07,0.02
2026-09-19,9575-4358-4887,9,214,177,3889,21.97,12,,0.14,0.01
2026-09-20,9575-4358-4887,16,207,183,3984,21.77,9,1,0.19,0.02
2026-09-21,9575-4358-4887,13,152,128,3181,24.85,5,,0.13,0.02
2026-09-22,9575-4358-4887,12,181,163,3353,20.57,9,1,0.08,0.04
2026-09-23,9575-4358-4887,18,211,197,4235,21.5,7,2,0.1,0.03
2026-09-24,9575-4358-4887,12,215,192,4675,24.35,8,1,0.06,0.04
2026-09-19,5421-2176-9660,5,61,49,1009,20.59,2,2,0,0
2026-09-20,5421-2176-9660,10,58,53,1127,21.26,5,1,0.04,0.01
2026-09-21,5421-2176-9660,4,39,33,747,22.64,3,1,0.07,0.05
2026-09-22,5421-2176-9660,5,35,27,789,29.22,4,1,0.05,0
2026-09-23,5421-2176-9660,3,26,19,354,18.63,3,,0.09,0
2026-09-24,5421-2176-9660,3,22,21,374,17.81,1,,0,0
2026-09-19,3557-3992-6677,13,266,229,6503,28.4,12,6,0.13,0.02
2026-09-20,3557-3992-6677,11,231,186,5546,29.82,6,4,0.13,0.04
2026-09-21,3557-3992-6677,9,126,118,2805,23.77,8,1,0.12,0.04
2026-09-22,3557-3992-6677,9,111,106,2612,24.64,7,5,0.1,0.04
2026-09-23,3557-3992-6677,15,120,112,2914,26.02,4,1,0.17,0.02
2026-09-24,3557-3992-6677,8,100,89,1749,19.65,3,1,0.14,0.02
2026-09-19,7125-2145-9516,112,1052,943,15301,16.23,30,8,0.06,0.01
2026-09-20,7125-2145-9516,90,824,788,14532,18.44,25,4,0.06,0.01
2026-09-21,7125-2145-9516,58,498,458,6472,14.13,25,5,0.08,0.01
2026-09-22,7125-2145-9516,49,510,481,7653,15.91,16,1,0.05,0
2026-09-23,7125-2145-9516,93,773,699,9591,13.72,16,1,0.06,0.01
2026-09-24,7125-2145-9516,6,188,165,2289,13.87,8,1,0.05,0.01
2026-09-19,5351-7221-3223,21,441,373,10315,27.65,34,5,0.08,0.03
2026-09-20,5351-7221-3223,25,532,452,12476,27.6,33,6,0.07,0.02
2026-09-21,5351-7221-3223,13,253,224,6599,29.46,22,1,0.09,0.03
2026-09-22,5351-7221-3223,20,292,247,6721,27.21,21,,0.07,0.03
2026-09-23,5351-7221-3223,22,321,267,8545,32,25,3,0.1,0.01
2026-09-24,5351-7221-3223,25,311,260,7029,27.03,16,2,0.07,0.02
2026-09-19,9288-9985-2649,9,77,64,4671,72.98,2,,0.12,0.12
2026-09-20,9288-9985-2649,6,53,44,2129,48.39,,,0.16,0.09
2026-09-21,9288-9985-2649,7,47,41,2499,60.95,4,,0.22,0.1
2026-09-22,9288-9985-2649,4,26,24,1363,56.79,1,,0.17,0.11
2026-09-23,9288-9985-2649,7,53,47,2043,43.47,5,1,0.07,0.11
2026-09-24,9288-9985-2649,9,74,60,3576,59.6,4,,0.29,0.06
2026-09-19,1158-2783-6271,21,376,295,8036,27.24,11,2,0.22,0.03
2026-09-20,1158-2783-6271,16,325,256,7034,27.48,12,5,0.21,0.1
2026-09-21,1158-2783-6271,12,172,149,3923,26.33,6,4,0.16,0.1
2026-09-22,1158-2783-6271,8,191,155,4024,25.96,8,1,0.12,0.05
2026-09-23,1158-2783-6271,9,174,154,3987,25.89,7,1,0.17,0.03
2026-09-24,1158-2783-6271,9,172,138,3231,23.41,6,,0.16,0.04
2026-09-19,8406-4338-3879,7,171,150,2290,15.27,5,,0.05,0.03
2026-09-20,8406-4338-3879,10,182,161,2985,18.54,10,3,0.05,0.03
2026-09-21,8406-4338-3879,46,167,149,2743,18.41,8,,0.08,0.02
2026-09-22,8406-4338-3879,41,140,127,2055,16.18,14,1,0.06,0
2026-09-23,8406-4338-3879,78,183,158,2763,17.49,7,,0.03,0.01
2026-09-24,8406-4338-3879,64,206,173,3065,17.72,13,1,0.02,0.02
2026-09-19,7087-3326-0818,10,114,103,2204,21.4,15,1,0.15,0
2026-09-20,7087-3326-0818,9,69,63,1897,30.11,11,1,0.18,0
2026-09-21,7087-3326-0818,6,28,27,858,31.78,3,,0.04,0
2026-09-22,7087-3326-0818,3,19,17,397,23.35,1,,0.06,0
2026-09-23,7087-3326-0818,8,41,40,1242,31.05,4,,0.08,0
2026-09-24,7087-3326-0818,5,19,19,485,25.53,7,3,0.16,0
2026-09-19,2129-3342-9647,9,154,128,2109,16.48,11,1,0.11,0.01
2026-09-20,2129-3342-9647,9,174,143,2577,18.02,23,4,0.04,0.01
2026-09-21,2129-3342-9647,6,103,78,1973,25.29,14,2,0.1,0.02
2026-09-22,2129-3342-9647,5,92,73,1520,20.82,16,1,0.03,0.01
2026-09-23,2129-3342-9647,10,81,67,1318,19.67,9,1,0.08,0.04
2026-09-24,2129-3342-9647,7,60,49,939,19.16,4,,0.09,0.01
2026-09-19,5056-0065-5658,2,16,14,268,19.14,1,1,0.2,0
2026-09-20,5056-0065-5658,3,24,21,423,20.14,3,,0.25,0
2026-09-21,5056-0065-5658,2,7,6,49,8.17,2,,0.07,0
2026-09-22,5056-0065-5658,3,20,17,252,14.82,1,,0,0
2026-09-23,5056-0065-5658,3,22,20,311,15.55,4,,0,0
2026-09-24,5056-0065-5658,3,12,10,97,9.7,3,,0,0
2026-09-19,7397-2274-1194,8,47,41,986,24.05,2,,0,0
2026-09-20,7397-2274-1194,6,49,46,1140,24.78,4,,0,0.06
2026-09-21,7397-2274-1194,3,24,21,686,32.67,,,0.04,0
2026-09-22,7397-2274-1194,3,14,12,483,40.25,,,0.05,0
2026-09-23,7397-2274-1194,4,15,14,251,17.93,2,,0,0.09
2026-09-24,7397-2274-1194,4,16,11,701,63.73,,,0,0
2026-09-19,0138-6357-5323,15,341,270,3910,14.48,15,4,0.08,0.02
2026-09-20,0138-6357-5323,23,415,359,4825,13.44,13,1,0.09,0.04
2026-09-21,0138-6357-5323,12,222,186,2922,15.71,8,1,0.11,0.03
2026-09-22,0138-6357-5323,17,226,216,2987,13.83,11,3,0.12,0.02
2026-09-23,0138-6357-5323,15,309,266,3534,13.29,12,2,0.1,0.02
2026-09-24,0138-6357-5323,13,305,268,3148,11.75,12,3,0.1,0.02
2026-09-19,2985-9090-5596,9,142,114,3346,29.35,6,1,0.07,0
2026-09-20,2985-9090-5596,8,116,100,2289,22.89,7,,0.15,0.03
2026-09-21,2985-9090-5596,6,64,59,1208,20.47,4,1,0.09,0.02
2026-09-22,2985-9090-5596,6,69,63,1283,20.37,4,1,0.11,0.02
2026-09-23,2985-9090-5596,4,50,44,1032,23.45,4,,0.15,0.02
2026-09-24,2985-9090-5596,4,43,37,714,19.3,4,,0.03,0.04
2026-09-19,4783-3202-2628,10,164,125,2505,20.04,14,,0.12,0
2026-09-20,4783-3202-2628,9,117,90,1799,19.99,14,1,0.11,0.03
2026-09-21,4783-3202-2628,4,54,42,778,18.52,4,,0.06,0.01
2026-09-22,4783-3202-2628,10,96,80,1646,20.57,15,4,0.06,0.01
2026-09-23,4783-3202-2628,9,146,99,2979,30.09,9,1,0.12,0
2026-09-24,4783-3202-2628,6,71,62,1101,17.76,7,2,0.1,0.02
2026-09-19,2211-1083-2648,4,39,33,452,13.7,3,,0.2,0
2026-09-20,2211-1083-2648,3,27,20,371,18.55,3,1,0.14,0
2026-09-21,2211-1083-2648,3,16,16,254,15.88,4,,0.14,0
2026-09-22,2211-1083-2648,5,15,15,134,8.93,2,,0.05,0
2026-09-23,2211-1083-2648,4,15,13,202,15.54,,,0.13,0
2026-09-24,2211-1083-2648,2,6,6,34,5.67,2,,0.2,0.06
2026-09-19,7357-0608-4539,3,22,20,463,23.15,4,,0.14,0
2026-09-20,7357-0608-4539,5,55,45,782,17.38,5,,0.08,0
2026-09-21,7357-0608-4539,3,25,20,355,17.75,1,,0.18,0.05
2026-09-22,7357-0608-4539,3,16,13,319,24.54,,1,0.09,0
2026-09-23,7357-0608-4539,2,14,11,197,17.91,,,0.05,0
2026-09-24,7357-0608-4539,3,17,13,302,23.23,1,,0.15,0
2026-09-19,4690-1851-0679,22,491,384,11208,29.19,27,8,0.19,0.08
2026-09-20,4690-1851-0679,16,491,376,10213,27.16,26,7,0.14,0.07
2026-09-21,4690-1851-0679,12,247,200,5023,25.11,11,2,0.12,0.03
2026-09-22,4690-1851-0679,11,260,197,4937,25.06,15,2,0.1,0.07
2026-09-23,4690-1851-0679,18,319,233,6232,26.75,13,2,0.16,0.06
2026-09-24,4690-1851-0679,17,332,230,6010,26.13,12,4,0.22,0.06
2026-09-19,0510-0384-5646,85,2603,2321,58439,25.18,74,19,0.09,0.01
2026-09-20,0510-0384-5646,93,2406,2171,53208,24.51,71,7,0.11,0.01
2026-09-21,0510-0384-5646,49,1003,945,21765,23.03,36,5,0.08,0.02
2026-09-22,0510-0384-5646,48,1294,1161,25675,22.11,58,6,0.05,0.01
2026-09-23,0510-0384-5646,46,1072,981,23541,24,40,6,0.09,0.01
2026-09-24,0510-0384-5646,30,729,658,14706,22.35,20,2,0.09,0.01
2026-09-19,1238-8921-8903,20,723,626,10744,17.16,14,2,0.11,0.02
2026-09-20,1238-8921-8903,138,1221,1066,17706,16.61,45,7,0.09,0.03
2026-09-21,1238-8921-8903,16,371,323,6079,18.82,10,3,0.09,0.03
2026-09-22,1238-8921-8903,124,1519,1349,19266,14.28,75,3,0.04,0.06
2026-09-23,1238-8921-8903,31,1077,972,17243,17.74,42,6,0.09,0.04
2026-09-24,1238-8921-8903,24,427,386,7800,20.21,17,2,0.05,0.01
2026-09-19,0733-0244-1095,5,6,6,207,34.5,,,1,
2026-09-20,0733-0244-1095,8,8,8,97,12.13,,,1,0.63
2026-09-21,0733-0244-1095,6,6,6,110,18.33,1,,0.83,0.88
2026-09-22,0733-0244-1095,9,12,11,185,16.82,,,0.75,0.67
2026-09-23,0733-0244-1095,8,8,8,100,12.5,,,1,1
2026-09-24,0733-0244-1095,7,8,7,154,22,1,,0.73,0.78
2026-09-19,0652-6667-8736,9,51,46,1414,30.74,,,0.12,0
2026-09-20,0652-6667-8736,6,36,33,1421,43.06,3,,0.24,0.01
2026-09-21,0652-6667-8736,4,23,18,522,29,1,,0.11,0
2026-09-22,0652-6667-8736,2,10,9,215,23.89,,,0.17,0.04
2026-09-23,0652-6667-8736,3,17,16,356,22.25,2,,0.05,0.05
2026-09-24,0652-6667-8736,3,15,14,247,17.64,,,0.1,0.03
2026-09-19,4891-5404-4305,77,2545,2203,38415,17.44,41,4,0.05,0.08
2026-09-20,4891-5404-4305,67,734,625,14335,22.94,19,3,0.06,0.01
2026-09-21,4891-5404-4305,19,284,252,4382,17.39,6,1,0.05,0.01
2026-09-22,4891-5404-4305,26,338,297,5554,18.7,10,1,0.05,0
2026-09-23,4891-5404-4305,17,229,204,3417,16.75,9,1,0.08,0
2026-09-24,4891-5404-4305,10,170,149,2300,15.44,4,,0.06,0
2026-09-19,7598-5260-0009,29,352,304,9058,29.8,10,1,0.09,0.04
2026-09-20,7598-5260-0009,20,216,184,4962,26.97,9,2,0.18,0.05
2026-09-21,7598-5260-0009,20,167,164,3781,23.05,4,,0.13,0.04
2026-09-22,7598-5260-0009,25,170,160,4610,28.81,3,,0.09,0.03
2026-09-23,7598-5260-0009,15,176,154,4133,26.84,5,,0.09,0.03
2026-09-24,7598-5260-0009,15,148,135,3495,25.89,4,,0.11,0.03
2026-09-19,2246-8613-8669,12,293,235,4639,19.74,22,1,0.11,0.01
2026-09-20,2246-8613-8669,12,290,226,4282,18.95,10,,0.11,0.02
2026-09-21,2246-8613-8669,9,175,149,2549,17.11,6,,0.08,0.01
2026-09-22,2246-8613-8669,9,176,152,3483,22.91,18,4,0.06,0.01
2026-09-23,2246-8613-8669,9,145,128,2430,18.98,6,1,0.05,0
2026-09-24,2246-8613-8669,9,166,148,3613,24.41,8,1,0.08,0.01
2026-09-19,4310-8400-4744,22,274,243,4800,19.75,13,4,0.09,0.01
2026-09-20,4310-8400-4744,10,246,205,4069,19.85,2,5,0.12,0.01
2026-09-21,4310-8400-4744,9,131,110,2271,20.65,5,1,0.09,0.01
2026-09-22,4310-8400-4744,9,114,98,2105,21.48,5,,0.08,0.01
2026-09-23,4310-8400-4744,7,99,94,1253,13.33,3,,0.12,0.01
2026-09-24,4310-8400-4744,6,77,63,1155,18.33,3,3,0.11,0.01
2026-09-19,1733-9676-0374,108,1275,901,20599,22.86,108,2,0.08,0
2026-09-20,1733-9676-0374,72,310,250,6062,24.25,7,2,0.58,0.28
2026-09-21,1733-9676-0374,3,51,41,300,7.32,5,,0.13,0.08
2026-09-22,1733-9676-0374,3,26,18,154,8.56,4,,0.03,0
2026-09-23,1733-9676-0374,5,39,33,180,5.45,5,,0.11,0
2026-09-24,1733-9676-0374,7,49,43,332,7.72,3,,0.05,0
2026-09-19,7634-1924-1627,38,374,324,9595,29.61,15,8,0.07,0.01
2026-09-20,7634-1924-1627,24,220,175,4586,26.21,9,1,0.12,0.02
2026-09-21,7634-1924-1627,14,161,143,3401,23.78,8,,0.09,0.02
2026-09-22,7634-1924-1627,17,182,149,4226,28.36,6,,0.07,0.02
2026-09-23,7634-1924-1627,20,153,142,3650,25.7,4,1,0.09,0.01
2026-09-24,7634-1924-1627,13,164,148,3169,21.41,15,,0.11,0.02
2026-09-19,0377-4700-0228,19,403,380,8582,22.58,17,4,0.09,0.02
2026-09-20,0377-4700-0228,29,383,354,8349,23.58,14,5,0.08,0.01
2026-09-21,0377-4700-0228,26,556,520,12178,23.42,21,5,0.08,0.01
2026-09-22,0377-4700-0228,30,590,537,13406,24.96,13,4,0.13,0.01
2026-09-23,0377-4700-0228,20,486,450,10467,23.26,15,5,0.08,0.02
2026-09-24,0377-4700-0228,23,438,402,9962,24.78,10,,0.06,0.01
2026-09-19,3870-6467-8636,15,235,181,3330,18.4,4,,0.12,0.01
2026-09-20,3870-6467-8636,16,192,158,3517,22.26,3,,0.12,0.01
2026-09-21,3870-6467-8636,7,66,55,705,12.82,6,,0.1,0.02
2026-09-22,3870-6467-8636,8,83,75,1227,16.36,5,,0.05,0.02
2026-09-23,3870-6467-8636,8,96,73,1601,21.93,1,,0.14,0.01
2026-09-24,3870-6467-8636,8,70,62,1609,25.95,3,,0.19,0.03
2026-09-19,6498-8428-1904,10,206,195,3025,15.51,3,,0.04,0.02
2026-09-20,6498-8428-1904,12,202,177,3477,19.64,3,,0.04,0.03
2026-09-21,6498-8428-1904,10,305,274,3734,13.63,9,,0.04,0.03
2026-09-22,6498-8428-1904,12,338,298,4701,15.78,11,1,0.06,0.04
2026-09-23,6498-8428-1904,11,301,267,4147,15.53,9,,0.05,0
2026-09-24,6498-8428-1904,83,851,754,9804,13,34,2,0.07,0.02
2026-09-19,9595-4542-6512,5,50,44,546,12.41,3,1,0.07,0
2026-09-20,9595-4542-6512,4,66,54,638,11.81,2,,0.04,0.02
2026-09-21,9595-4542-6512,4,21,22,530,24.09,2,,0.11,0
2026-09-22,9595-4542-6512,3,20,15,385,25.67,,,0,0
2026-09-23,9595-4542-6512,4,15,13,267,20.54,1,,0,0
2026-09-24,9595-4542-6512,3,16,12,209,17.42,,,0,0
2026-09-19,7211-1501-2591,3,16,15,127,8.47,2,,0,0
2026-09-20,7211-1501-2591,2,26,19,514,27.05,3,,0,0
2026-09-21,7211-1501-2591,2,10,10,50,5,,,0.13,0
2026-09-22,7211-1501-2591,2,10,9,103,11.44,,,0,0
2026-09-23,7211-1501-2591,2,20,20,181,9.05,1,,0.1,0
2026-09-24,7211-1501-2591,3,12,12,87,7.25,,,0,0
2026-09-19,2090-4696-4458,5,59,56,1457,26.02,9,1,0.14,0.02
2026-09-20,2090-4696-4458,7,68,61,1939,31.79,10,1,0.16,0.01
2026-09-21,2090-4696-4458,6,59,49,1284,26.2,1,,0.05,0.01
2026-09-22,2090-4696-4458,4,36,27,624,23.11,1,,0.15,0.03
2026-09-23,2090-4696-4458,4,40,31,795,25.65,4,1,0.13,0
2026-09-24,2090-4696-4458,4,26,17,490,28.82,1,,0.21,0
2026-09-19,7907-0617-9508,4,29,26,412,15.85,2,,0.12,0
2026-09-20,7907-0617-9508,2,39,35,534,15.26,2,1,0.08,0
2026-09-21,7907-0617-9508,2,23,25,306,12.24,1,,0,0
2026-09-22,7907-0617-9508,7,32,30,481,16.03,3,2,0.06,0.04
2026-09-23,7907-0617-9508,3,25,24,227,9.46,5,,0.09,0
2026-09-24,7907-0617-9508,2,19,18,269,14.94,1,,0,0
2026-09-19,8257-6489-6679,67,684,621,10238,16.49,21,1,0.06,0
2026-09-20,8257-6489-6679,19,337,309,5544,17.94,15,2,0.03,0
2026-09-21,8257-6489-6679,38,282,257,3779,14.7,11,,0.03,0.01
2026-09-22,8257-6489-6679,70,395,370,5039,13.62,13,1,0.05,0
2026-09-23,8257-6489-6679,28,214,193,3768,19.52,10,2,0.04,0
2026-09-24,8257-6489-6679,17,235,211,3110,14.74,9,2,0.04,0
2026-09-19,5232-0340-8670,15,351,267,6564,24.58,14,4,0.15,0.02
2026-09-20,5232-0340-8670,52,447,384,10707,27.88,27,14,0.21,0.04
2026-09-21,5232-0340-8670,7,151,135,2262,16.76,13,4,0.15,0.06
2026-09-22,5232-0340-8670,9,159,138,2515,18.22,8,2,0.08,0.04
2026-09-23,5232-0340-8670,12,174,138,3257,23.6,7,1,0.08,0.02
2026-09-24,5232-0340-8670,24,224,175,4562,26.07,3,1,0.09,0.07
2026-09-19,5251-5472-1664,27,281,238,7462,31.35,12,2,0.1,0
2026-09-20,5251-5472-1664,18,230,203,5907,29.1,12,3,0.08,0.01
2026-09-21,5251-5472-1664,124,433,385,10892,28.29,23,4,0.06,0.01
2026-09-22,5251-5472-1664,13,132,109,3551,32.58,3,1,0.09,0
2026-09-23,5251-5472-1664,215,766,693,19754,28.51,41,13,0.12,0
2026-09-24,5251-5472-1664,28,473,424,11706,27.61,23,6,0.22,0.01
2026-09-19,1941-4545-9064,19,332,286,7249,25.35,20,8,0.11,0.03
2026-09-20,1941-4545-9064,22,419,330,9197,27.87,29,11,0.19,0.03
2026-09-21,1941-4545-9064,13,280,220,5058,22.99,12,2,0.15,0.02
2026-09-22,1941-4545-9064,8,169,132,3262,24.71,6,1,0.12,0.01
2026-09-23,1941-4545-9064,10,166,135,2701,20.01,10,4,0.17,0.03
2026-09-24,1941-4545-9064,8,140,119,2866,24.08,7,3,0.14,0.04
2026-09-19,3443-6477-0526,14,267,178,5928,33.3,6,,0.3,0.1
2026-09-20,3443-6477-0526,15,227,156,5658,36.27,5,,0.26,0.1
2026-09-21,3443-6477-0526,12,172,120,4873,40.61,,,0.19,0.1
2026-09-22,3443-6477-0526,10,141,94,3504,37.28,2,1,0.21,0.1
2026-09-23,3443-6477-0526,7,114,92,2263,24.6,4,1,0.2,0.07
2026-09-24,3443-6477-0526,7,95,79,2405,30.44,1,1,0.22,0.06
2026-09-19,1744-5438-2747,4,40,33,719,21.79,2,,0,0
2026-09-20,1744-5438-2747,5,47,43,858,19.95,1,,0.2,0.03
2026-09-21,1744-5438-2747,3,23,22,350,15.91,1,,0.2,0
2026-09-22,1744-5438-2747,4,21,21,488,23.24,1,,0.02,0
2026-09-23,1744-5438-2747,3,31,26,567,21.81,,1,0.09,0.05
2026-09-24,1744-5438-2747,3,21,18,384,21.33,2,,0.2,0
2026-09-19,7048-8422-2298,9023,386225,193750,8578932,44.28,1430,324,0.37,0.18
2026-09-20,7048-8422-2298,9412,409836,200496,9133943,45.56,1422,294,0.38,0.2
2026-09-21,7048-8422-2298,6336,284782,140581,6294550,44.78,1011,195,0.35,0.2
2026-09-22,7048-8422-2298,5712,264689,131872,5715094,43.34,938,195,0.26,0.2
2026-09-23,7048-8422-2298,5216,266717,128580,5477616,42.6,948,185,0.33,0.2
2026-09-24,7048-8422-2298,5254,236576,118390,4927503,41.62,812,144,0.35,0.2
2026-09-19,3916-5715-6958,655,31281,19493,512699,26.3,1663,135,0.43,0.23
2026-09-20,3916-5715-6958,806,31439,18751,489741,26.12,1582,123,0.41,0.22
2026-09-21,3916-5715-6958,504,23061,14741,371927,25.23,1114,79,0.38,0.24
2026-09-22,3916-5715-6958,515,23829,15714,388364,24.71,1202,92,0.32,0.21
2026-09-23,3916-5715-6958,488,24814,16054,406924,25.35,1284,105,0.38,0.23
2026-09-24,3916-5715-6958,620,23892,15569,386259,24.81,1073,80,0.38,0.22
2026-09-19,1734-8951-4401,1178,57608,29285,1274560,43.52,307,66,0.37,0.2
2026-09-20,1734-8951-4401,1261,59761,30495,1357199,44.51,283,58,0.38,0.22
2026-09-21,1734-8951-4401,1167,45608,24409,1028055,42.12,252,46,0.35,0.22
2026-09-22,1734-8951-4401,1071,41853,22769,936830,41.14,227,38,0.28,0.23
2026-09-23,1734-8951-4401,1027,41215,21591,907692,42.04,229,29,0.34,0.22
2026-09-24,1734-8951-4401,771,33064,17588,711607,40.46,177,28,0.35,0.23
2026-09-19,2276-7799-6979,1001,72266,19279,1050589,54.49,1094,75,0.43,0.28
2026-09-20,2276-7799-6979,1158,68200,17556,1106316,63.02,798,62,0.38,0.22
2026-09-21,2276-7799-6979,892,57984,14251,883484,61.99,712,45,0.34,0.23
2026-09-22,2276-7799-6979,867,56347,13231,854358,64.57,665,54,0.32,0.29
2026-09-23,2276-7799-6979,937,56233,13876,845708,60.95,653,38,0.39,0.29
2026-09-24,2276-7799-6979,825,50458,11916,743337,62.38,557,31,0.42,0.28
