date,kind,term,islands,new_7d,ranked,unique_players,plays
2026-10-01,tag,,1,0,0,0,0
2026-10-01,tag,1v1,62736,465,205,3896959,6991271
2026-10-01,tag,2d,658,11,3,1441,1832
2026-10-01,tag,2v2,5763,53,40,1860003,3601470
2026-10-01,tag,3v3,2529,27,19,505079,872681
2026-10-01,tag,4v4,3636,24,12,176589,316953
2026-10-01,tag,5v5,1801,15,8,76449,175167
2026-10-01,tag,6v6,1156,5,0,0,0
2026-10-01,tag,7v7,214,4,0,0,0
2026-10-01,tag,8v8,3093,18,5,5341,6725
2026-10-01,tag,action,32044,164,91,171014,237915
2026-10-01,tag,ad,191,3,2,147,364
2026-10-01,tag,adventure,8773,120,171,803679,1094939
2026-10-01,tag,aim course,2826,17,35,392502,611856
2026-10-01,tag,arcade,3080,21,14,9546,11368
2026-10-01,tag,arena,11533,85,22,177658,275561
2026-10-01,tag,artistic,2964,19,32,137593,168099
2026-10-01,tag,atmospheric,3670,31,24,9446,11408
2026-10-01,tag,attack,5957,41,10,7136,9580
2026-10-01,tag,base,2161,20,25,198574,367790
2026-10-01,tag,base building,1707,12,10,35756,42765
2026-10-01,tag,battle,23788,113,43,190586,303557
2026-10-01,tag,battle royale,9966,76,25,83176,185392
2026-10-01,tag,board game,646,7,16,14516,16869
2026-10-01,tag,boss battle,2730,32,173,221056,298973
2026-10-01,tag,boxfight,25309,105,67,3750611,6709923
2026-10-01,tag,building,34896,216,90,1330871,2649196
2026-10-01,tag,capture the flag,1817,7,3,403,566
2026-10-01,tag,card game,124,6,0,0,0
2026-10-01,tag,casual,17675,185,364,2537642,7217503
2026-10-01,tag,choices matter,518,9,9,44412,101829
2026-10-01,tag,classes,1082,9,4,53227,72630
2026-10-01,tag,clicker,243,7,2,368,528
2026-10-01,tag,co-op,5337,44,193,239111,327744
2026-10-01,tag,collection,1179,23,22,159178,225634
2026-10-01,tag,competitive,44136,270,112,2019342,3638547
2026-10-01,tag,crafting,260,2,4,2138,2978
2026-10-01,tag,creatures,4171,70,177,516737,643617
2026-10-01,tag,deathrun,16648,216,290,922651,1183291
2026-10-01,tag,defend,1116,9,1,6,6
2026-10-01,tag,difficulty: easy,7610,27,53,61734,73622
2026-10-01,tag,difficulty: hard,2457,44,49,214918,265978
2026-10-01,tag,difficulty: impossible,1148,33,31,211403,269834
2026-10-01,tag,difficulty: medium,2471,13,13,21344,25594
2026-10-01,tag,difficulty: ultra hard,538,8,3,140,168
2026-10-01,tag,difficulty: very hard,715,17,3,5863,6290
2026-10-01,tag,driver simulator,4192,90,92,182341,241909
2026-10-01,tag,duo,3472,20,51,1408674,2704395
2026-10-01,tag,economy,430,14,4,3054,3896
2026-10-01,tag,edit course,3622,20,39,414874,650093
2026-10-01,tag,educational,811,5,8,1802,2470
2026-10-01,tag,episodic,65,1,0,0,0
2026-10-01,tag,escape,8367,76,302,607884,827644
2026-10-01,tag,event,1231,11,51,26981,38427
2026-10-01,tag,exploration,3958,63,68,49306,73256
2026-10-01,tag,explosives,805,5,0,0,0
2026-10-01,tag,farming simulator,356,8,5,1900,2835
2026-10-01,tag,fashion,2280,16,33,40108,73777
2026-10-01,tag,fighting,13605,97,40,61799,87111
2026-10-01,tag,first person,6214,17,153,378644,514712
2026-10-01,tag,fortnitemares,993,27,7,1998,2895
2026-10-01,tag,free for all,70764,448,358,3373571,5022567
2026-10-01,tag,friendly,6435,69,58,32761,117978
2026-10-01,tag,funny,9615,70,52,80535,131158
2026-10-01,tag,gun fight,7801,51,12,20044,43560
2026-10-01,tag,gun game,12726,96,36,101221,131546
2026-10-01,tag,hardcore,584,7,0,0,0
2026-10-01,tag,heroes,2513,5,19,185059,253419
2026-10-01,tag,horror,5627,58,218,503630,630236
2026-10-01,tag,hub,477,3,3,0,0
2026-10-01,tag,infection,450,9,2,478,650
2026-10-01,tag,jam system,325,5,14,1108,2529
2026-10-01,tag,just for fun,60886,669,1030,6745948,13495113
2026-10-01,tag,king of the hill,609,10,1,185,234
2026-10-01,tag,melee,1621,6,12,5136,9185
2026-10-01,tag,memes,3003,25,17,87326,110139
2026-10-01,tag,minigame,17694,209,309,2171258,3189356
2026-10-01,tag,mining,129,3,0,0,0
2026-10-01,tag,moba,142,3,0,0,0
2026-10-01,tag,moving,945,11,8,46805,62189
2026-10-01,tag,music,2768,48,148,80708,101638
2026-10-01,tag,mystery,1411,5,22,27791,35177
2026-10-01,tag,nonlinear,71,0,1,17,19
2026-10-01,tag,objective,1525,83,15,424,499
2026-10-01,tag,one in the chamber,380,6,1,0,0
2026-10-01,tag,one life,1023,9,6,147,418
2026-10-01,tag,one shot,8676,90,31,252980,329481
2026-10-01,tag,open world,7823,150,217,461097,707941
2026-10-01,tag,parkour,17705,223,249,869058,1106049
2026-10-01,tag,party game,14587,135,427,2337249,3815852
2026-10-01,tag,party world,2328,14,62,83050,232462
2026-10-01,tag,patchwork,79,2,1,0,0
2026-10-01,tag,peaceful,1927,16,12,4753,6207
2026-10-01,tag,physics,369,3,16,17765,22093
2026-10-01,tag,pinball,65,1,0,0,0
2026-10-01,tag,pixel art,89,2,2,28,32
2026-10-01,tag,platformer,1442,40,39,455328,638775
2026-10-01,tag,point capture,1100,4,2,499,646
2026-10-01,tag,practice,59451,322,303,8509033,14450125
2026-10-01,tag,prop,647,5,1,0,0
2026-10-01,tag,prop hunt,3323,25,43,169993,194869
2026-10-01,tag,puzzle,2180,17,50,31188,36120
2026-10-01,tag,pve,5547,39,237,266645,357482
2026-10-01,tag,pvp,66496,396,365,7863453,12170128
2026-10-01,tag,quiz,930,10,18,22726,25944
2026-10-01,tag,race,10869,219,236,550325,761520
2026-10-01,tag,respawn,8770,55,31,614307,906168
2026-10-01,tag,retro,221,8,3,17,19
2026-10-01,tag,roguelike,1236,15,188,214375,298997
2026-10-01,tag,role playing,5727,78,176,727039,1469323
2026-10-01,tag,rounds,3075,19,10,23695,30002
2026-10-01,tag,rpg,1009,28,25,57164,75478
2026-10-01,tag,runner,1556,12,8,18631,22511
2026-10-01,tag,sandbox,998,10,19,35197,73378
2026-10-01,tag,search & destroy,538,3,2,13863,56495
2026-10-01,tag,seasonal,522,6,8,107,113
2026-10-01,tag,secrets,1165,6,8,7276,11582
2026-10-01,tag,sequel,60,0,0,0,0
2026-10-01,tag,series,406,5,5,783,991
2026-10-01,tag,shooter,7675,213,38,689055,1014312
2026-10-01,tag,shop,146,3,0,0,0
2026-10-01,tag,show,561,5,10,999,1840
2026-10-01,tag,side scroller,153,1,1,0,0
2026-10-01,tag,simulator,6415,127,264,2119358,6437192
2026-10-01,tag,single player,1844,8,10,7084,21840
2026-10-01,tag,skills,2042,38,8,43975,58997
2026-10-01,tag,sniper,4555,23,16,206760,269400
2026-10-01,tag,solo,6929,33,23,182659,305879
2026-10-01,tag,space,442,8,3,871,1074
2026-10-01,tag,sports,2222,23,59,134806,170743
2026-10-01,tag,squad,1301,7,8,30694,74525
2026-10-01,tag,stealth,633,4,3,2288,4277
2026-10-01,tag,story,1331,13,32,19186,22511
2026-10-01,tag,strategy,3208,101,54,87636,159973
2026-10-01,tag,survival,6456,115,189,281350,470548
2026-10-01,tag,survival horror,4119,58,229,685514,1073031
2026-10-01,tag,team deathmatch,21884,167,63,932328,1356793
2026-10-01,tag,teams,6481,57,14,35016,131333
2026-10-01,tag,timed,1088,9,7,10960,12769
2026-10-01,tag,top-down,231,5,0,0,0
2026-10-01,tag,tower defense,264,1,2,6119,7180
2026-10-01,tag,training,8200,43,51,616044,1132554
2026-10-01,tag,trios,910,9,25,274464,504222
2026-10-01,tag,trivia,226,5,4,1088,1258
2026-10-01,tag,turn-based,177,4,4,1753,2180
2026-10-01,tag,tutorial,228,4,3,287,890
2026-10-01,tag,tycoon,6861,130,278,2229468,6680536
2026-10-01,tag,unbalanced teams,386,1,0,0,0
2026-10-01,tag,visual novel,63,3,1,693,844
2026-10-01,tag,winterfest,947,3,6,993,1146
2026-10-01,tag,word games,97,5,1,0,0
2026-10-01,tag,zonewars,23898,124,140,3698466,5766626
2026-10-01,word,1v1,43407,295,153,3284580,6066543
2026-10-01,word,1v1 1v1,126,0,3,30869,46430
2026-10-01,word,1v1 2v2,173,3,2,12865,18775
2026-10-01,word,1v1 4v4,431,3,11,196816,360520
2026-10-01,word,1v1 all,658,1,7,76349,120263
2026-10-01,word,1v1 build,9501,67,32,785929,1697057
2026-10-01,word,1v1 every,397,4,3,403223,615240
2026-10-01,word,1v1 ffa,1000,6,8,64126,96622
2026-10-01,word,1v1 free,248,1,3,12059,17677
2026-10-01,word,1v1 map,2832,15,4,78802,129772
2026-10-01,word,1v1 practice,205,1,3,122344,183497
2026-10-01,word,1v1 pvp,202,0,4,2654,3590
2026-10-01,word,1v1 reload,133,0,2,3135,5285
2026-10-01,word,1v1v1,4458,28,21,483445,693954
2026-10-01,word,1v1v1 ffa,154,0,2,1230,1514
2026-10-01,word,1v1v1 reload,1276,9,8,418726,603557
2026-10-01,word,1v1v1 zero,41,1,2,4059,5500
2026-10-01,word,1v2,159,1,2,58824,72948
2026-10-01,word,1vs1,1837,12,4,8791,12550
2026-10-01,word,1vs1 1vs1,53,1,2,8791,12550
2026-10-01,word,2v1,163,0,2,58824,72948
2026-10-01,word,2v2,1844,24,15,1319663,2716339
2026-10-01,word,2v2v2,145,0,4,70117,111413
2026-10-01,word,2v3,42,0,2,11893,14845
2026-10-01,word,3v3,657,9,8,415397,752121
2026-10-01,word,4v4,935,7,14,257123,486196
2026-10-01,word,5v5,269,3,2,58717,114328
2026-10-01,word,adventure,487,10,37,83748,105099
2026-10-01,word,ai,120,1,3,301,381
2026-10-01,word,aim,1378,7,33,281430,414697
2026-10-01,word,aim edit,404,4,21,223369,327135
2026-10-01,word,aim piece,108,1,4,35013,55523
2026-10-01,word,aim training,157,0,4,14292,20010
2026-10-01,word,airport,54,1,4,14474,18966
2026-10-01,word,all,8860,37,46,510002,745398
2026-10-01,word,all guns,1535,11,17,143191,220171
2026-10-01,word,all skins,58,3,6,22163,28349
2026-10-01,word,all vehicles,48,0,2,1116,1378
2026-10-01,word,all weapons,1875,2,5,16095,22162
2026-10-01,word,allguns,1602,24,18,143191,220171
2026-10-01,word,am,83,0,10,484687,632834
2026-10-01,word,amazing,262,5,4,3153,3720
2026-10-01,word,animal,110,3,7,19289,23157
2026-10-01,word,animals,46,3,6,29633,44869
2026-10-01,word,anime,252,1,4,4133,6001
2026-10-01,word,anomalies,29,0,8,6178,7764
2026-10-01,word,anomaly,49,0,4,16966,20210
2026-10-01,word,arcade,164,1,2,0,0
2026-10-01,word,arena,3642,28,8,26113,34150
2026-10-01,word,arenas,68,0,2,48298,117515
2026-10-01,word,asmr,71,7,6,42226,51976
2026-10-01,word,astro,60,0,3,3529,3855
2026-10-01,word,at,292,5,8,5789,6993
2026-10-01,word,aura,262,12,6,19329,31047
2026-10-01,word,auto,120,1,4,1209,1404
2026-10-01,word,backrooms,516,1,24,65595,83455
2026-10-01,word,backrooms escape,31,0,3,588,731
2026-10-01,word,bad,86,0,2,1048,1240
2026-10-01,word,ball,294,3,6,1353,2383
2026-10-01,word,baller,30,0,2,581,696
2026-10-01,word,ballistic,375,0,2,13945,56619
2026-10-01,word,banana,159,2,4,1211,1607
2026-10-01,word,bank,201,1,8,37212,57962
2026-10-01,word,bank heist,56,0,2,15604,25660
2026-10-01,word,barry,50,1,5,26594,29821
2026-10-01,word,base,393,1,2,425,546
2026-10-01,word,base wars,60,0,2,425,546
2026-10-01,word,baseball,30,0,2,581,696
2026-10-01,word,basketball,105,0,3,2005,2642
2026-10-01,word,battle,4139,39,27,63939,79634
2026-10-01,word,battle 1v1,36,0,2,3346,4663
2026-10-01,word,battle lab,32,0,8,16534,20592
2026-10-01,word,battle royale,1035,3,2,3437,4371
2026-10-01,word,battlegrounds,113,0,2,2543,4041
2026-10-01,word,battles,298,0,4,4408,5495
2026-10-01,word,be,160,4,11,23926,30815
2026-10-01,word,beach,326,1,2,5989,7079
2026-10-01,word,bean,84,0,2,3429,4428
2026-10-01,word,beat,49,0,2,5935,11164
2026-10-01,word,become,54,0,2,1878,2599
2026-10-01,word,bed,406,0,14,168956,318385
2026-10-01,word,bed wars,372,0,14,168956,318385
2026-10-01,word,bedwars,618,2,16,191219,358592
2026-10-01,word,best,1597,4,21,27429,40912
2026-10-01,word,best 1v1,333,0,4,241,309
2026-10-01,word,best slide,104,0,7,3207,5274
2026-10-01,word,better,82,1,3,773,1074
2026-10-01,word,big,575,4,6,17861,22252
2026-10-01,word,bike,265,1,3,9735,12445
2026-10-01,word,bios,59,0,3,19826,25441
2026-10-01,word,blade,102,1,2,1185,2183
2026-10-01,word,blind,73,0,2,58,65
2026-10-01,word,blind test,41,0,2,58,65
2026-10-01,word,blitz,354,5,2,1341,1601
2026-10-01,word,block,624,0,19,89168,129343
2026-10-01,word,block pillars,30,0,2,45092,61488
2026-10-01,word,blocks,338,3,14,223,274
2026-10-01,word,blocks cover,96,0,9,69,79
2026-10-01,word,blue,16146,163,32,826265,1183260
2026-10-01,word,board,47,0,4,6294,7026
2026-10-01,word,board game,26,0,4,6294,7026
2026-10-01,word,bodycam,181,1,2,5337,5930
2026-10-01,word,bomb,117,1,3,2636,3193
2026-10-01,word,boom,110,0,2,5983,7086
2026-10-01,word,boost,52,0,2,0,0
2026-10-01,word,boss,608,13,40,40910,50809
2026-10-01,word,boss battle,69,1,3,2532,2814
2026-10-01,word,boss fight,197,3,21,12140,14657
2026-10-01,word,boss survival,26,0,8,19994,25380
2026-10-01,word,bossfight,338,3,28,28931,37207
2026-10-01,word,bot,604,2,5,11644,16347
2026-10-01,word,bot royale,162,1,2,10156,14464
2026-10-01,word,bots,1216,7,20,26884,35190
2026-10-01,word,bots farm,39,0,2,608,816
2026-10-01,word,bots royale,126,0,2,1417,1831
2026-10-01,word,bounce,132,2,3,155,266
2026-10-01,word,box,14028,64,31,1507666,2367682
2026-10-01,word,box fight,3689,21,2,3043,3821
2026-10-01,word,box fights,2178,13,17,592947,1025807
2026-10-01,word,box pvp,6764,22,13,1162476,1675008
2026-10-01,word,boxfight,6223,34,2,3043,3821
2026-10-01,word,boxfights,4551,21,25,675907,1206494
2026-10-01,word,boxpvp,7048,23,13,1162476,1675008
2026-10-01,word,brainrot,3113,25,45,710775,2947353
2026-10-01,word,brainrot boxfights,78,0,2,3113,3591
2026-10-01,word,brainrots,740,18,40,290578,1738009
2026-10-01,word,break,152,1,6,9966,12141
2026-10-01,word,breakout,70,2,3,2015,3926
2026-10-01,word,brick,545,9,7,25871,29898
2026-10-01,word,bricks,103,0,2,6856,7934
2026-10-01,word,bridge,329,3,6,16469,18597
2026-10-01,word,build,16849,114,76,1033159,2146647
2026-10-01,word,build 1v1,171,0,2,21517,44119
2026-10-01,word,build ffa,173,0,2,11102,16258
2026-10-01,word,build fight,5656,35,12,368310,838444
2026-10-01,word,build fights,5732,37,21,496338,1003325
2026-10-01,word,build training,63,1,2,745,1178
2026-10-01,word,buildfight,7203,41,13,369817,840497
2026-10-01,word,buildfights,6454,43,22,496338,1003325
2026-10-01,word,building,283,3,4,110896,174516
2026-10-01,word,building practice,41,1,2,109073,171938
2026-10-01,word,bumper,79,0,3,2836,3603
2026-10-01,word,bumper cars,58,0,3,2836,3603
2026-10-01,word,bunker,105,0,3,7228,8937
2026-10-01,word,burger,183,1,2,608,710
2026-10-01,word,but,105,2,2,539,673
2026-10-01,word,button,244,3,3,22435,32728
2026-10-01,word,canyon,220,2,2,88,91
2026-10-01,word,capture,866,0,2,1693,2168
2026-10-01,word,car,2055,87,54,59635,70188
2026-10-01,word,car crash,50,1,2,3301,4203
2026-10-01,word,car drive,137,4,9,14223,16433
2026-10-01,word,car game,685,64,26,6533,7498
2026-10-01,word,car parkour,63,2,3,6081,6984
2026-10-01,word,card,47,1,4,10892,21690
2026-10-01,word,carrera,38,0,3,0,0
2026-10-01,word,carros,60,5,3,138,159
2026-10-01,word,cars,1876,13,32,88175,112486
2026-10-01,word,cars mega,94,0,2,923,1088
2026-10-01,word,cars ramp,26,0,3,8079,9462
2026-10-01,word,caseoh,35,0,3,754,875
2026-10-01,word,cash,151,2,4,233942,318761
2026-10-01,word,cat,169,4,9,10337,12665
2026-10-01,word,center,67,0,2,41,59
2026-10-01,word,ch1,45,0,2,217,252
2026-10-01,word,chained,44,0,2,13738,16334
2026-10-01,word,chained together,37,0,2,13738,16334
2026-10-01,word,challenge,449,3,2,5772,6964
2026-10-01,word,chameleon,47,1,5,44956,50925
2026-10-01,word,champions,239,0,2,564,634
2026-10-01,word,chaos,1216,13,12,42818,51602
2026-10-01,word,chapter,2495,8,33,167944,234467
2026-10-01,word,chapter late,33,0,3,67070,91802
2026-10-01,word,chapter og,39,0,2,1095,1568
2026-10-01,word,chapter season,371,1,5,7612,9316
2026-10-01,word,chat,281,5,4,51831,168677
2026-10-01,word,checkpoints,55,2,2,1205,1534
2026-10-01,word,chess,45,2,2,326,392
2026-10-01,word,chill,1545,5,18,15400,22252
2026-10-01,word,chill guy,174,0,2,6600,8488
2026-10-01,word,christmas,1460,1,9,817,927
2026-10-01,word,circle,172,7,2,5224,7649
2026-10-01,word,circus,58,1,3,1740,2113
2026-10-01,word,city,4071,122,78,194851,275284
2026-10-01,word,city car,114,2,4,1372,1658
2026-10-01,word,city drive,180,6,4,2775,3387
2026-10-01,word,city ffa,253,4,3,497,637
2026-10-01,word,city gun,113,1,3,4460,5570
2026-10-01,word,city mc,127,28,1,0,0
2026-10-01,word,city new,70,3,2,2191,2933
2026-10-01,word,city rp,117,4,4,15973,22978
2026-10-01,word,cizzorz,69,1,3,46129,63158
2026-10-01,word,cizzorz deathrun,46,0,2,43824,60250
2026-10-01,word,clean,729,3,3,2457,3011
2026-10-01,word,click,40,3,7,16313,25058
2026-10-01,word,climb,230,3,3,2182,2692
2026-10-01,word,club,270,4,4,6290,13000
2026-10-01,word,clutch,212,2,5,78931,101261
2026-10-01,word,co,326,2,13,25906,32536
2026-10-01,word,co op,316,2,13,25906,32536
2026-10-01,word,cold,85,2,2,6353,57840
2026-10-01,word,color,712,7,14,12882,15578
2026-10-01,word,color switch,318,1,5,3283,4474
2026-10-01,word,combat,500,2,5,17138,23367
2026-10-01,word,concert,142,0,19,10704,12552
2026-10-01,word,construcción,68,2,2,0,0
2026-10-01,word,container,79,3,2,5058,6998
2026-10-01,word,control,939,7,7,1287326,2842168
2026-10-01,word,coop,372,3,13,25906,32536
2026-10-01,word,correct,154,5,5,9831,11279
2026-10-01,word,country,57,1,2,392,446
2026-10-01,word,course,519,1,2,3601,4661
2026-10-01,word,cover,110,0,10,528,593
2026-10-01,word,cowboy,36,1,3,802,889
2026-10-01,word,craft,56,0,2,2461,4622
2026-10-01,word,crash,204,3,4,3566,4513
2026-10-01,word,crazy,4077,24,20,308005,441782
2026-10-01,word,crazy car,27,3,2,4883,5675
2026-10-01,word,crazy drive,30,2,2,202,238
2026-10-01,word,crazy mega,53,0,2,15230,17717
2026-10-01,word,crosshair,215,0,4,15926,21291
2026-10-01,word,cube,339,1,2,3382,3613
2026-10-01,word,cup,865,9,5,193986,295633
2026-10-01,word,cup zone,121,0,3,179592,274914
2026-10-01,word,custom,612,5,4,4324,5523
2026-10-01,word,dance,105,2,5,30,37
2026-10-01,word,dark,403,3,4,784,946
2026-10-01,word,days,256,0,5,2228,3109
2026-10-01,word,dead,292,4,3,8733,11523
2026-10-01,word,death,549,3,5,10324,12026
2026-10-01,word,death run,259,2,3,10239,11919
2026-10-01,word,death star,34,0,2,85,107
2026-10-01,word,deathmatch,854,1,2,10018,13122
2026-10-01,word,deathrun,5015,86,49,264925,328464
2026-10-01,word,deathrun easy,138,29,1,0,0
2026-10-01,word,deathrun parkour,324,2,9,40117,46849
2026-10-01,word,deathrun remake,27,1,2,46696,63552
2026-10-01,word,deathrun باركور,45,9,9,122675,150540
2026-10-01,word,default,1084,1,12,27984,31461
2026-10-01,word,default deathrun,324,1,6,22651,25387
2026-10-01,word,default parkour,526,0,4,3309,3730
2026-10-01,word,defend,56,2,4,6778,8712
2026-10-01,word,defense,165,1,8,14105,19538
2026-10-01,word,demon,347,2,10,17813,22644
2026-10-01,word,demon hunters,138,0,6,13796,17102
2026-10-01,word,desert,1218,8,22,78153,94224
2026-10-01,word,desert drive,41,0,4,1400,1626
2026-10-01,word,desert gun,49,0,2,1260,1535
2026-10-01,word,desert zone,171,0,4,60295,71885
2026-10-01,word,die,246,2,12,69806,95173
2026-10-01,word,dig,45,3,5,8277,9618
2026-10-01,word,digital,35,1,2,1529,1872
2026-10-01,word,dino,131,4,5,10130,14899
2026-10-01,word,dirt,167,0,2,3396,4081
2026-10-01,word,dirt bike,118,0,2,3396,4081
2026-10-01,word,dirtbike,144,0,2,3396,4081
2026-10-01,word,don,297,3,5,13735,16730
2026-10-01,word,dont,84,0,2,1563,4470
2026-10-01,word,doors,73,0,4,2397,2977
2026-10-01,word,dragon,288,0,7,3720,4638
2026-10-01,word,dragon ball,53,0,2,59,67
2026-10-01,word,dream,144,2,2,226,244
2026-10-01,word,drift,339,5,7,4688,6607
2026-10-01,word,drive,2474,78,87,165132,221391
2026-10-01,word,drive auto,33,1,2,1198,1391
2026-10-01,word,drive city,234,12,14,16420,22253
2026-10-01,word,drive ffa,290,0,6,23805,38988
2026-10-01,word,drive world,48,1,3,1280,1708
2026-10-01,word,driver,192,2,4,214,250
2026-10-01,word,driving,537,13,5,8309,9987
2026-10-01,word,driving ffa,52,3,2,4749,5508
2026-10-01,word,drop,265,0,2,4984,5605
2026-10-01,word,dropper,183,7,5,6178,6544
2026-10-01,word,dungeon,135,0,2,448,671
2026-10-01,word,duo,1430,17,36,494695,785613
2026-10-01,word,duo escape,219,0,18,6153,6567
2026-10-01,word,duo zone,137,4,2,6831,10039
2026-10-01,word,duos,483,3,6,29072,41358
2026-10-01,word,easy,2491,37,10,37118,46252
2026-10-01,word,easy deathrun,401,0,2,5952,8523
2026-10-01,word,easy levels,126,30,1,0,0
2026-10-01,word,edge,56,0,2,1739,3822
2026-10-01,word,edit,3151,16,36,364080,531600
2026-10-01,word,edit aim,151,0,3,29782,47939
2026-10-01,word,edit course,279,1,2,3601,4661
2026-10-01,word,edit piece,319,3,17,216480,317186
2026-10-01,word,edit wars,462,4,5,25293,33940
2026-10-01,word,edition,727,3,4,793,890
2026-10-01,word,egg,181,7,13,43464,64554
2026-10-01,word,egg hunt,83,0,2,110,126
2026-10-01,word,eggs,56,12,11,116938,236885
2026-10-01,word,elevator,30,0,3,4964,6016
2026-10-01,word,elite,272,10,9,19687,37467
2026-10-01,word,empire,168,4,5,4419,5403
2026-10-01,word,empire tycoon,41,2,2,4133,5068
2026-10-01,word,end,379,4,3,563,882
2026-10-01,word,endgame,870,10,17,295246,437947
2026-10-01,word,escape,5180,56,235,331956,447250
2026-10-01,word,escape from,268,0,15,9490,12540
2026-10-01,word,escape horror,68,1,3,1979,2289
2026-10-01,word,escape prison,39,0,3,6383,7160
2026-10-01,word,escape roguelike,88,1,38,97227,133772
2026-10-01,word,escape room,1928,31,89,20811,22781
2026-10-01,word,escape tsunami,85,2,2,8389,14827
2026-10-01,word,event,449,4,35,23183,28282
2026-10-01,word,events,166,2,6,6792,8264
2026-10-01,word,every,979,7,10,414304,630249
2026-10-01,word,every gun,678,5,7,412840,628553
2026-10-01,word,evil,127,2,6,2549,3041
2026-10-01,word,evolution,73,1,6,18621,23599
2026-10-01,word,extraction,90,0,2,73,82
2026-10-01,word,extreme,658,15,4,582,676
2026-10-01,word,face,62,0,2,1081,1228
2026-10-01,word,factory,230,5,2,1143,1463
2026-10-01,word,factory tycoon,38,1,2,1143,1463
2026-10-01,word,fall,1405,5,22,58352,67561
2026-10-01,word,fall guys,959,1,18,53958,61895
2026-10-01,word,fallguys,1024,1,18,53958,61895
2026-10-01,word,family,84,1,4,4117,5220
2026-10-01,word,fantasy,84,0,2,2972,9616
2026-10-01,word,farm,592,6,11,10407,13536
2026-10-01,word,farm royale,48,0,2,608,816
2026-10-01,word,fashion,853,5,12,27427,46867
2026-10-01,word,fashion show,723,5,12,27427,46867
2026-10-01,word,fast,644,3,3,1428,1995
2026-10-01,word,femboy,32,0,3,13604,16174
2026-10-01,word,festival,101,3,3,2346,3462
2026-10-01,word,ffa,13007,82,65,407285,578630
2026-10-01,word,ffa 1v1,228,1,2,15157,19876
2026-10-01,word,ffa all,655,4,7,58902,88942
2026-10-01,word,ffa drive,33,1,2,64,77
2026-10-01,word,fight,12002,78,43,566372,1876065
2026-10-01,word,fight pump,119,2,2,16045,31675
2026-10-01,word,fight zone,148,1,2,3043,3821
2026-10-01,word,fighter,56,0,2,2316,2561
2026-10-01,word,fighting,129,7,2,2700,3205
2026-10-01,word,fights,8813,54,42,1117888,2075383
2026-10-01,word,fights 1v1,284,0,3,47390,85222
2026-10-01,word,fights box,29,1,3,201798,271552
2026-10-01,word,fights ffa,301,1,2,30722,48134
2026-10-01,word,fights pumps,518,4,12,110859,214379
2026-10-01,word,fights zone,46,0,2,1237,1632
2026-10-01,word,final,413,7,3,211,236
2026-10-01,word,finale,47,0,3,3853,4877
2026-10-01,word,find,356,3,3,2328,2688
2026-10-01,word,finest,34,0,9,382026,614492
2026-10-01,word,finishers,48,0,2,9429,20995
2026-10-01,word,fire,324,4,6,3216,4202
2026-10-01,word,first,2605,2,2,1201,1372
2026-10-01,word,first person,2470,1,2,1201,1372
2026-10-01,word,fish,210,1,5,18397,32760
2026-10-01,word,five,78,2,2,633,793
2026-10-01,word,flash,68,1,3,364,542
2026-10-01,word,floor,467,3,5,5909,7469
2026-10-01,word,floor lava,329,1,4,5886,7441
2026-10-01,word,fn,195,1,3,4197,6079
2026-10-01,word,fnaf,332,7,34,36347,45945
2026-10-01,word,fncs,75,0,2,874,1146
2026-10-01,word,food,194,2,3,653,772
2026-10-01,word,football,540,3,14,62761,90872
2026-10-01,word,football soccer,38,0,2,3188,4115
2026-10-01,word,forest,508,3,9,16729,21950
2026-10-01,word,forever,310,0,2,3196,4439
2026-10-01,word,formula,44,0,3,790,938
2026-10-01,word,formula racing,29,0,3,790,938
2026-10-01,word,fort,344,1,8,10293,17124
2026-10-01,word,fortnite,1173,2,11,99295,145803
2026-10-01,word,fortography,97,0,2,3167,4968
2026-10-01,word,fps,880,2,2,3578,3982
2026-10-01,word,fr,84,0,2,455,650
2026-10-01,word,freddy,86,3,4,1431,1785
2026-10-01,word,free,6261,29,22,475362,700716
2026-10-01,word,free all,4735,15,11,326525,471778
2026-10-01,word,free build,957,8,7,38152,54673
2026-10-01,word,free building,114,2,3,110611,174174
2026-10-01,word,freebuild,3298,27,10,74094,108498
2026-10-01,word,freebuilding,140,2,3,110611,174174
2026-10-01,word,freestyle,38,0,2,2871,3410
2026-10-01,word,frenzy,213,1,2,15878,97792
2026-10-01,word,friday,32,0,3,2910,3778
2026-10-01,word,from,385,0,15,9490,12540
2026-10-01,word,from prison,29,0,3,7873,10792
2026-10-01,word,frost,56,0,2,72,80
2026-10-01,word,fun,1346,12,12,40427,47053
2026-10-01,word,furry,27,0,2,482,591
2026-10-01,word,galactic,249,3,3,4599,5759
2026-10-01,word,galaxy,639,1,3,612,769
2026-10-01,word,game,12560,181,81,309444,462731
2026-10-01,word,game mc,26,26,0,0,0
2026-10-01,word,game one,2184,8,5,14463,19297
2026-10-01,word,game parkour,35,0,2,977,1135
2026-10-01,word,games,947,9,4,3272,3578
2026-10-01,word,garden,149,3,8,271713,326344
2026-10-01,word,get,185,1,4,13646,15324
2026-10-01,word,ghost,251,3,4,10490,16604
2026-10-01,word,giant,184,1,5,1340,1586
2026-10-01,word,glass,246,8,5,15468,17352
2026-10-01,word,glass bridge,121,0,5,15468,17352
2026-10-01,word,glory,40,2,2,0,0
2026-10-01,word,go,862,8,10,759024,2478161
2026-10-01,word,go goated,354,3,4,537274,867217
2026-10-01,word,go up,45,3,2,209487,1594578
2026-10-01,word,goated,644,5,7,569991,914653
2026-10-01,word,godzilla,189,1,5,4416,5180
2026-10-01,word,golf,57,0,5,6006,7332
2026-10-01,word,gorilla,57,0,2,1283,1356
2026-10-01,word,grand,479,13,7,11000,17827
2026-10-01,word,grand drive,91,4,4,2603,3250
2026-10-01,word,granny,32,0,5,3715,4481
2026-10-01,word,grinch,137,0,2,1591,1843
2026-10-01,word,grow,58,1,4,219223,528626
2026-10-01,word,guess,1010,12,39,34628,38817
2026-10-01,word,guess correct,122,3,5,9831,11279
2026-10-01,word,guess logo,337,5,7,1898,2141
2026-10-01,word,guess song,75,0,18,6803,7414
2026-10-01,word,gun,10473,101,35,505527,749944
2026-10-01,word,gun ffa,59,0,3,2654,3590
2026-10-01,word,gun game,9131,95,27,91137,119519
2026-10-01,word,gungame,10054,102,27,91137,119519
2026-10-01,word,guns,2271,13,17,143191,220171
2026-10-01,word,guns ffa,121,0,2,5165,8382
2026-10-01,word,guns rides,152,0,5,27213,41998
2026-10-01,word,guy,214,0,2,6600,8488
2026-10-01,word,guy pillars,30,0,2,6600,8488
2026-10-01,word,guys,1087,1,20,60378,69821
2026-10-01,word,guys obby,89,0,2,28505,32182
2026-10-01,word,gym,55,0,2,1898,2405
2026-10-01,word,hacker,27,0,2,2682,3323
2026-10-01,word,halloween,1034,16,20,7817,9130
2026-10-01,word,halloween escape,33,1,4,558,635
2026-10-01,word,halloween prop,28,0,2,732,848
2026-10-01,word,hangout,150,0,2,117,138
2026-10-01,word,happy,138,2,2,59,81
2026-10-01,word,hard,1215,46,35,202133,251901
2026-10-01,word,hard deathrun,193,8,6,7925,9296
2026-10-01,word,hard levels,59,2,2,5067,6893
2026-10-01,word,hard parkour,339,23,19,175372,219166
2026-10-01,word,haunted,341,3,2,370,390
2026-10-01,word,havoc,145,1,3,6707,9394
2026-10-01,word,heist,278,3,16,42493,63294
2026-10-01,word,hello,49,0,2,814,1007
2026-10-01,word,hero,611,2,5,1965,2654
2026-10-01,word,heroes,490,0,7,22541,30888
2026-10-01,word,hide,914,8,20,130429,164815
2026-10-01,word,hide seek,822,7,19,80215,93932
2026-10-01,word,high,274,2,6,5388,9036
2026-10-01,word,high iq,31,0,4,1090,1242
2026-10-01,word,hill,262,2,2,1630,1962
2026-10-01,word,hood,160,2,11,28633,65431
2026-10-01,word,horde,107,1,4,315,384
2026-10-01,word,horror,2445,26,145,442963,562915
2026-10-01,word,hospital,100,0,10,18577,22138
2026-10-01,word,hotel,244,1,5,8560,11517
2026-10-01,word,hour,38,0,2,4460,6629
2026-10-01,word,house,657,9,11,63758,100213
2026-10-01,word,house prop,70,1,3,2305,2446
2026-10-01,word,how,32,0,2,6861,7696
2026-10-01,word,hub,261,1,2,726,939
2026-10-01,word,huggy,61,1,4,694,819
2026-10-01,word,hunt,3167,20,42,123795,142592
2026-10-01,word,hunt hide,42,0,5,5491,6021
2026-10-01,word,hunter,203,1,4,1675,2019
2026-10-01,word,hunters,348,1,8,14622,18225
2026-10-01,word,hyper,186,2,2,9002,14274
2026-10-01,word,ice,617,7,2,1299,1561
2026-10-01,word,impossible,745,12,2,368,384
2026-10-01,word,impostor,26,0,3,21174,31400
2026-10-01,word,infinite,1429,12,15,47171,73037
2026-10-01,word,infinite box,126,2,2,15002,22900
2026-10-01,word,infinity,424,0,2,15966,22761
2026-10-01,word,insane,994,8,5,2487,2885
2026-10-01,word,into,66,0,2,6909,8280
2026-10-01,word,io,105,1,4,9036,12567
2026-10-01,word,iq,359,5,14,1275,1435
2026-10-01,word,iq escape,189,2,13,1275,1435
2026-10-01,word,ishowspeed,61,0,2,3685,4359
2026-10-01,word,island,3086,11,15,6892,7954
2026-10-01,word,island tycoon,91,1,2,379,483
2026-10-01,word,jackson,43,1,7,10516,12511
2026-10-01,word,jam,163,1,4,145,234
2026-10-01,word,japanese,99,0,3,1874,2391
2026-10-01,word,jojo,25,0,2,1977,2638
2026-10-01,word,jujutsu,74,0,2,2003,2582
2026-10-01,word,jump,491,5,20,123279,239741
2026-10-01,word,jungle,494,5,2,0,0
2026-10-01,word,jurassic,101,0,3,4249,5487
2026-10-01,word,kart,33,2,2,221,231
2026-10-01,word,keyboard,196,4,9,87232,120815
2026-10-01,word,keyboard escape,31,1,4,61438,90314
2026-10-01,word,kick,52,0,5,27314,54387
2026-10-01,word,king,738,6,4,764,1778
2026-10-01,word,kingdom,144,1,3,209,272
2026-10-01,word,knight,69,1,2,748,1167
2026-10-01,word,knockback,70,1,3,1843,2124
2026-10-01,word,knockout,115,0,3,770,944
2026-10-01,word,ko,38,1,2,442,508
2026-10-01,word,kpop,588,1,12,27274,36627
2026-10-01,word,kpop demon,132,0,6,6985,9418
2026-10-01,word,lab,160,0,9,16551,20613
2026-10-01,word,lake,131,0,4,2789,3385
2026-10-01,word,land,259,1,2,354,406
2026-10-01,word,laser,143,1,2,2928,3725
2026-10-01,word,last,690,21,9,519088,973279
2026-10-01,word,last storm,165,9,7,518657,972741
2026-10-01,word,late,732,7,8,105103,154435
2026-10-01,word,late game,673,4,5,104349,153560
2026-10-01,word,lategame,841,5,6,107004,156903
2026-10-01,word,lava,1094,3,6,8970,12611
2026-10-01,word,league,294,0,4,15493,22168
2026-10-01,word,legend,108,2,4,2102,3056
2026-10-01,word,legends,257,4,3,228778,312386
2026-10-01,word,level,2026,29,22,36650,41893
2026-10-01,word,level default,108,1,4,18854,21103
2026-10-01,word,level escape,117,4,2,0,0
2026-10-01,word,level hard,96,4,3,3997,4140
2026-10-01,word,level obby,141,0,2,6299,7508
2026-10-01,word,level parkour,140,2,3,3757,4839
2026-10-01,word,leveling,40,0,2,2834,4451
2026-10-01,word,levels,2277,66,34,131628,168559
2026-10-01,word,levels deathrun,175,3,3,10650,13905
2026-10-01,word,levels باركور,40,3,6,35711,46552
2026-10-01,word,life,304,6,11,6576,10624
2026-10-01,word,live,224,1,17,10272,11991
2026-10-01,word,live event,125,0,12,5315,6562
2026-10-01,word,locker,43,1,2,400,672
2026-10-01,word,logo,496,6,8,1898,2141
2026-10-01,word,loot,439,7,3,10678,13369
2026-10-01,word,los,102,0,2,15823,18412
2026-10-01,word,lost,243,2,4,2209,3155
2026-10-01,word,lounge,41,2,2,481,697
2026-10-01,word,love,173,2,2,113,114
2026-10-01,word,lucky,518,3,21,116829,187123
2026-10-01,word,lucky block,187,0,12,79491,117456
2026-10-01,word,lucky pillars,35,2,2,1319,1703
2026-10-01,word,luxury,96,1,3,624,711
2026-10-01,word,lvl,228,5,6,7635,8976
2026-10-01,word,mafia,41,1,3,3443,4956
2026-10-01,word,mall,296,1,3,91186,105714
2026-10-01,word,mall prop,82,1,2,2943,3333
2026-10-01,word,man,201,1,2,665,763
2026-10-01,word,mansion,389,1,4,3751,4355
2026-10-01,word,mansion tycoon,74,0,2,667,867
2026-10-01,word,map,6831,33,21,95098,154237
2026-10-01,word,map pumps,126,3,4,78802,129772
2026-10-01,word,martoz,58,0,3,100110,150749
2026-10-01,word,masters,47,0,2,5466,7466
2026-10-01,word,mayhem,428,7,2,1608,1918
2026-10-01,word,mc,222,56,6,8787,10393
2026-10-01,word,mc jackson,30,0,5,8787,10393
2026-10-01,word,mechanics,187,4,6,168160,287030
2026-10-01,word,mechanics training,78,2,3,130587,227652
2026-10-01,word,meet,49,0,2,7214,16385
2026-10-01,word,mega,3351,33,33,320535,486746
2026-10-01,word,mega car,35,2,2,15125,17599
2026-10-01,word,mega ramp,851,9,10,9707,10829
2026-10-01,word,meme,1233,4,11,47032,57635
2026-10-01,word,meme box,180,0,2,29939,37546
2026-10-01,word,merge,39,0,4,5821,9050
2026-10-01,word,mic,97,0,2,41611,147612
2026-10-01,word,midnight,151,0,13,9271,10704
2026-10-01,word,military,163,1,6,9861,13393
2026-10-01,word,mine,88,1,3,201,263
2026-10-01,word,minecraft,313,3,12,22154,26004
2026-10-01,word,mini,1261,6,5,9576,10534
2026-10-01,word,minigame,454,0,8,138786,165239
2026-10-01,word,minigames,518,4,11,160983,194495
2026-10-01,word,mining,49,3,4,26572,31962
2026-10-01,word,mira,41,0,2,7281,11023
2026-10-01,word,mission,102,0,2,172,223
2026-10-01,word,money,67,1,3,11853,13274
2026-10-01,word,monkey,105,3,4,1702,2185
2026-10-01,word,monster,212,4,2,192,218
2026-10-01,word,moon,207,2,2,219,260
2026-10-01,word,motel,28,1,3,66,86
2026-10-01,word,moto,106,0,3,3092,3641
2026-10-01,word,motocross,70,0,2,564,634
2026-10-01,word,mountain,341,1,4,5377,7240
2026-10-01,word,murder,173,1,8,131123,375799
2026-10-01,word,murder mystery,86,0,3,125467,355024
2026-10-01,word,muscle,30,1,4,4130,5292
2026-10-01,word,museum,89,1,3,2345,2697
2026-10-01,word,music,1484,4,41,11156,14971
2026-10-01,word,music 1v1,364,0,3,141,175
2026-10-01,word,music blocks,194,0,13,80,92
2026-10-01,word,mutant,35,2,2,699,862
2026-10-01,word,mystery,238,1,4,125478,355042
2026-10-01,word,mythic,595,3,2,2059,2348
2026-10-01,word,naruto,77,0,2,259,314
2026-10-01,word,natural,42,0,2,2145,2317
2026-10-01,word,neighbor,27,1,3,2657,2925
2026-10-01,word,never,55,1,2,5,5
2026-10-01,word,new,3869,23,24,43401,66929
2026-10-01,word,new city,112,1,2,296,340
2026-10-01,word,new combat,46,0,2,9824,13557
2026-10-01,word,new season,127,0,2,9643,11286
2026-10-01,word,night,618,7,9,11089,14355
2026-10-01,word,night shift,28,1,3,9254,12186
2026-10-01,word,nightmare,166,2,5,3817,4694
2026-10-01,word,nights,146,2,5,33308,40604
2026-10-01,word,ninja,270,1,4,2707,3202
2026-10-01,word,no,1509,6,2,285,342
2026-10-01,word,nuke,120,0,2,5429,6792
2026-10-01,word,obby,1509,10,31,100163,114607
2026-10-01,word,obby parkour,535,3,12,30592,34648
2026-10-01,word,off,201,1,3,16376,20607
2026-10-01,word,og,4415,24,17,25044,33411
2026-10-01,word,og map,50,0,3,1374,1941
2026-10-01,word,omega,87,0,4,2165,2433
2026-10-01,word,one,7951,45,27,159146,211005
2026-10-01,word,one shot,6991,40,22,155021,205477
2026-10-01,word,oneshot,7664,46,22,155021,205477
2026-10-01,word,online,29,0,2,192,228
2026-10-01,word,only,3572,10,18,150196,199729
2026-10-01,word,only up,1072,4,17,145679,193750
2026-10-01,word,onlyup,1522,6,18,145679,193750
2026-10-01,word,op,434,4,14,28224,35074
2026-10-01,word,open,425,12,6,9682,14484
2026-10-01,word,open world,270,5,3,9319,14033
2026-10-01,word,operation,131,1,2,954,1155
2026-10-01,word,or,572,9,16,73324,98871
2026-10-01,word,or die,178,1,10,60331,82636
2026-10-01,word,order,56,0,3,422,480
2026-10-01,word,paint,69,1,4,3356,3743
2026-10-01,word,palestine,58,3,2,29748,48840
2026-10-01,word,pandvil,58,0,5,287086,611906
2026-10-01,word,paradise,512,7,4,28788,36963
2026-10-01,word,park,546,0,6,6227,7308
2026-10-01,word,parkour,7284,84,114,429868,526482
2026-10-01,word,parkour deathrun,304,12,12,122096,150081
2026-10-01,word,parkour hard,83,3,7,10178,12361
2026-10-01,word,parkour level,142,6,2,1119,1228
2026-10-01,word,parkour levels,799,14,18,103506,135049
2026-10-01,word,parkour lvl,42,1,2,2981,3544
2026-10-01,word,parkour obby,67,1,3,2390,2732
2026-10-01,word,parkour باركور,42,3,3,4746,5583
2026-10-01,word,part,189,0,4,227,243
2026-10-01,word,party,2370,31,72,75059,216632
2026-10-01,word,party royal,421,9,13,3660,9683
2026-10-01,word,party royale,984,9,30,43843,144541
2026-10-01,word,per,39,1,6,6766,8031
2026-10-01,word,person,2596,2,2,1201,1372
2026-10-01,word,peru,26,0,2,3714,4982
2026-10-01,word,pet,122,8,9,26674,32834
2026-10-01,word,pets,52,1,3,2135,3549
2026-10-01,word,phantom,51,2,2,11459,14104
2026-10-01,word,photo,44,1,2,3167,4968
2026-10-01,word,piece,1359,10,30,1588459,3289402
2026-10-01,word,piece 1v1,67,0,6,159483,231869
2026-10-01,word,piece control,759,6,6,1287326,2842168
2026-10-01,word,piece practice,42,1,3,31889,50977
2026-10-01,word,pilars,134,11,9,24648,34795
2026-10-01,word,pilars pilers,37,2,3,3108,3649
2026-10-01,word,pilers,84,6,7,18296,25274
2026-10-01,word,pilers pilars,29,2,2,3658,4901
2026-10-01,word,pillars,3234,54,61,1465933,2202050
2026-10-01,word,pillars ffa,45,1,2,44998,61423
2026-10-01,word,pillars pilers,31,4,2,3658,4901
2026-10-01,word,pillars pillers,43,5,8,14285,19371
2026-10-01,word,pillers,145,11,11,27154,38028
2026-10-01,word,pillers pilars,57,9,6,11779,16138
2026-10-01,word,pit,3688,10,10,344946,502225
2026-10-01,word,pit free,454,1,2,293489,428201
2026-10-01,word,pizza,162,1,2,491,562
2026-10-01,word,place,92,1,3,4969,11278
2026-10-01,word,player,1301,2,3,5673,7237
2026-10-01,word,players,1776,8,6,35227,55971
2026-10-01,word,playground,300,1,15,25454,31476
2026-10-01,word,playtime,54,8,9,9117,10384
2026-10-01,word,police,67,2,2,1239,1724
2026-10-01,word,pop,129,0,3,15,15
2026-10-01,word,poppy,75,8,10,12229,14284
2026-10-01,word,poppy playtime,32,8,7,8849,10082
2026-10-01,word,power,417,3,2,1553,1888
2026-10-01,word,practice,2290,20,24,334826,511233
2026-10-01,word,practice aim,56,0,6,35897,53483
2026-10-01,word,prison,794,3,20,39715,55391
2026-10-01,word,prison escape,101,1,6,18045,26086
2026-10-01,word,pro,2054,13,12,161951,278430
2026-10-01,word,project,155,1,2,2699,3399
2026-10-01,word,prop,2668,14,31,117987,135565
2026-10-01,word,prop hunt,2599,14,31,117987,135565
2026-10-01,word,prophunt,2776,14,31,117987,135565
2026-10-01,word,proximity,215,3,3,51512,168123
2026-10-01,word,proximity chat,187,3,3,51512,168123
2026-10-01,word,pump,1640,12,4,89858,135501
2026-10-01,word,pumps,1105,10,17,189661,344151
2026-10-01,word,pve,133,1,2,547,749
2026-10-01,word,pvp,11248,48,33,1307532,1874208
2026-10-01,word,pvp box,211,4,5,269232,364356
2026-10-01,word,pyramid,102,2,2,343,404
2026-10-01,word,queen,42,0,2,1449,1731
2026-10-01,word,quiz,202,4,3,14,12
2026-10-01,word,race,1470,21,16,7885,12693
2026-10-01,word,race car,56,7,5,173,194
2026-10-01,word,racing,598,5,5,2202,2536
2026-10-01,word,raft,63,0,3,7895,10324
2026-10-01,word,raft tycoon,25,0,3,7895,10324
2026-10-01,word,rage,126,1,2,26,29
2026-10-01,word,raiders,34,0,2,328,361
2026-10-01,word,rainbow,321,6,7,18282,23707
2026-10-01,word,ramp,1775,32,27,85442,101896
2026-10-01,word,ramp car,90,11,3,1723,1929
2026-10-01,word,ramp jump,52,0,5,8192,10301
2026-10-01,word,ramp survival,46,0,2,3266,3696
2026-10-01,word,ramps,46,1,2,67,68
2026-10-01,word,ranked,2929,7,15,184529,272613
2026-10-01,word,rap,60,0,4,214,264
2026-10-01,word,rapid,431,3,12,172370,321698
2026-10-01,word,rapid boxfights,32,0,3,42948,82531
2026-10-01,word,rapid zero,28,0,2,42844,96593
2026-10-01,word,rasf,140,0,2,17612,25146
2026-10-01,word,rave,43,0,4,7,9
2026-10-01,word,real,330,5,8,15850,22014
2026-10-01,word,realistic,1573,12,18,423291,677937
2026-10-01,word,realistic pvp,182,2,4,16174,20424
2026-10-01,word,realistic reload,55,0,2,25129,41105
2026-10-01,word,realistics,1029,3,14,527563,844939
2026-10-01,word,realistics 1v1,132,0,4,59814,111298
2026-10-01,word,red,16428,166,34,846201,1212354
2026-10-01,word,red blue,15100,161,31,826265,1183260
2026-10-01,word,reimagined,42,1,2,8335,10028
2026-10-01,word,relax,125,0,2,1157,1545
2026-10-01,word,reload,3700,29,30,748917,1102361
2026-10-01,word,reload 1v1,280,0,2,15130,23248
2026-10-01,word,reload 1v1v1,259,4,3,2937,3519
2026-10-01,word,remake,132,9,5,52399,69706
2026-10-01,word,remix,234,5,3,3770,4772
2026-10-01,word,replay,214,0,2,480,690
2026-10-01,word,rescue,57,0,3,324725,480624
2026-10-01,word,resident,61,1,4,1382,1711
2026-10-01,word,resident evil,53,1,4,1382,1711
2026-10-01,word,respawn,259,1,2,1009,1315
2026-10-01,word,retro,119,1,2,308,435
2026-10-01,word,rewind,28,0,4,10838,14284
2026-10-01,word,rex,49,2,2,3345,3621
2026-10-01,word,rezon,78,0,2,315043,717717
2026-10-01,word,ride,96,6,5,1204,1779
2026-10-01,word,riders,50,0,2,1084,1303
2026-10-01,word,rides,176,0,7,32518,50655
2026-10-01,word,rift,139,4,2,27,38
2026-10-01,word,road,548,17,16,25394,32843
2026-10-01,word,rocket,553,5,5,3645,4747
2026-10-01,word,rockets,365,0,5,28725,36542
2026-10-01,word,rockets cars,212,0,3,28444,36171
2026-10-01,word,rogue,59,1,6,430,512
2026-10-01,word,roguelike,523,4,140,190072,265905
2026-10-01,word,roleplay,263,0,3,8834,11393
2026-10-01,word,roll,37,3,2,11452,12832
2026-10-01,word,room,2315,33,91,26180,36876
2026-10-01,word,room levels,40,0,3,1246,1407
2026-10-01,word,rooms,203,1,2,21,21
2026-10-01,word,rot,103,0,3,22402,47903
2026-10-01,word,royal,1018,12,13,3660,9683
2026-10-01,word,royale,4263,26,47,115001,240056
2026-10-01,word,rp,1508,51,28,71397,112414
2026-10-01,word,rpg,160,2,4,1122,1395
2026-10-01,word,rumble,393,1,2,4270,6452
2026-10-01,word,run,1358,20,16,123340,164580
2026-10-01,word,run obby,27,0,3,10239,11919
2026-10-01,word,runners,274,1,3,1252,1522
2026-10-01,word,rush,736,16,6,293,332
2026-10-01,word,rvb,1017,40,17,64393,79721
2026-10-01,word,rvb red,310,6,11,62876,77986
2026-10-01,word,s2,169,3,3,11362,17310
2026-10-01,word,save,133,0,2,546,706
2026-10-01,word,scary,146,7,9,18628,24046
2026-10-01,word,school,280,1,10,17129,24596
2026-10-01,word,scott,73,0,6,3784,4132
2026-10-01,word,scp,56,0,5,1658,1999
2026-10-01,word,scream,35,4,5,113995,154430
2026-10-01,word,scrims,1062,13,16,286383,452166
2026-10-01,word,scrims ranked,31,0,2,34620,50474
2026-10-01,word,season,1506,6,13,19469,23767
2026-10-01,word,secret,439,5,3,5964,8869
2026-10-01,word,seek,855,7,21,83566,97669
2026-10-01,word,seven,135,3,3,3779,13139
2026-10-01,word,shadow,340,13,4,9750,16738
2026-10-01,word,shift,79,1,9,68780,87066
2026-10-01,word,shinobi,28,0,2,2826,3906
2026-10-01,word,shoot,226,5,3,3420,4492
2026-10-01,word,shot,7361,44,25,185542,241363
2026-10-01,word,shot gun,689,8,3,42355,56232
2026-10-01,word,shot parkour,74,1,2,26415,30801
2026-10-01,word,shotgun,998,10,4,42355,56232
2026-10-01,word,show,843,5,13,27427,46867
2026-10-01,word,showdown,661,5,2,499,661
2026-10-01,word,sidekick,71,0,5,2510,4950
2026-10-01,word,sidekicks,38,0,3,538,661
2026-10-01,word,siege,131,0,2,5220,6541
2026-10-01,word,simpsons,51,0,2,876,1128
2026-10-01,word,simulator,646,5,9,36395,47131
2026-10-01,word,skate,64,0,2,2417,2896
2026-10-01,word,skibidi,315,0,2,274,316
2026-10-01,word,skibidi toilet,114,0,2,274,316
2026-10-01,word,skins,200,12,16,62064,88353
2026-10-01,word,skins 1v1,34,3,4,108,144
2026-10-01,word,sky,774,13,6,1716,2270
2026-10-01,word,skyblock,43,0,2,591,706
2026-10-01,word,skyscraper,41,0,2,385,440
2026-10-01,word,slap,83,2,3,7834,11264
2026-10-01,word,sleep,60,0,2,1083,1861
2026-10-01,word,slide,810,4,22,12095,17965
2026-10-01,word,slide chill,238,0,14,8334,13077
2026-10-01,word,slow,245,1,2,12537,19904
2026-10-01,word,sneaky,48,1,2,5176,6632
2026-10-01,word,sniper,2991,16,17,231730,298681
2026-10-01,word,sniper one,999,5,8,70028,93269
2026-10-01,word,snipers,668,5,2,5348,6838
2026-10-01,word,soccer,266,3,9,56385,84457
2026-10-01,word,soccer football,36,0,3,12210,22756
2026-10-01,word,solo,2268,17,14,228899,351131
2026-10-01,word,solo scrims,195,2,4,122861,185980
2026-10-01,word,solos,160,0,2,7249,10627
2026-10-01,word,song,183,1,22,17723,19752
2026-10-01,word,songs,310,2,14,8244,11615
2026-10-01,word,sonic,67,0,9,5912,6781
2026-10-01,word,space,900,4,2,1800,2581
2026-10-01,word,spectate,209,1,2,2848,5049
2026-10-01,word,speed,1370,26,28,481962,735922
2026-10-01,word,speed car,32,7,2,401,454
2026-10-01,word,speed keyboard,28,0,8,78617,110642
2026-10-01,word,speed run,173,4,2,406,456
2026-10-01,word,speedrun,336,7,5,5038,6188
2026-10-01,word,spider,133,5,4,4329,5031
2026-10-01,word,spiders,184,56,3,354,404
2026-10-01,word,spiders city,172,55,2,0,0
2026-10-01,word,spleef,134,0,2,299,351
2026-10-01,word,spooky,331,5,2,210,257
2026-10-01,word,sprite,144,5,13,278886,401261
2026-10-01,word,sprites,63,2,8,34764,73713
2026-10-01,word,squad,303,1,6,9962,14629
2026-10-01,word,squid,779,5,12,89816,162795
2026-10-01,word,squid game,408,2,9,85812,157659
2026-10-01,word,squishy,27,0,3,5858,7542
2026-10-01,word,stage,81,1,4,494,605
2026-10-01,word,star,1286,12,45,266259,501818
2026-10-01,word,star wars,962,11,41,264411,499783
2026-10-01,word,starwars,1027,11,41,264411,499783
2026-10-01,word,station,160,3,3,3845,4576
2026-10-01,word,steal,600,14,20,432351,1547998
2026-10-01,word,steal brainrots,26,1,2,1045,1345
2026-10-01,word,step,29,0,3,282,335
2026-10-01,word,steve,33,1,2,456,502
2026-10-01,word,store,74,0,4,3980,4502
2026-10-01,word,store prop,35,0,2,2638,2902
2026-10-01,word,storm,575,10,10,526972,986364
2026-10-01,word,story,107,0,6,324967,480916
2026-10-01,word,stranger,158,0,4,1495,2077
2026-10-01,word,stranger things,120,0,3,1161,1445
2026-10-01,word,streamer,114,0,3,6,7
2026-10-01,word,street,170,3,5,610,693
2026-10-01,word,studio,139,1,4,3658,5671
2026-10-01,word,stunt,40,1,3,651,733
2026-10-01,word,summer,1023,0,7,28431,36543
2026-10-01,word,summer one,86,0,2,23180,30030
2026-10-01,word,super,5380,63,45,508535,740741
2026-10-01,word,super 1v1,214,2,6,17651,25931
2026-10-01,word,super car,66,3,4,1518,1684
2026-10-01,word,super cars,53,3,2,432,509
2026-10-01,word,super easy,104,1,2,0,0
2026-10-01,word,super gun,139,0,2,442,508
2026-10-01,word,super pillars,92,6,2,219675,348330
2026-10-01,word,super road,34,8,2,1356,1437
2026-10-01,word,super sniper,92,1,2,6680,8693
2026-10-01,word,super zone,25,0,2,3301,7144
2026-10-01,word,supercar,91,3,4,1518,1684
2026-10-01,word,supermarket,75,0,3,90423,105138
2026-10-01,word,survival,1217,9,74,110859,139954
2026-10-01,word,survival horror,29,0,3,1981,2427
2026-10-01,word,survive,467,5,15,13622,18738
2026-10-01,word,swap,73,0,2,14325,48749
2026-10-01,word,switch,520,2,7,3509,4735
2026-10-01,word,sword,139,2,2,239,267
2026-10-01,word,tag,263,0,7,29203,43535
2026-10-01,word,tank,116,1,2,51342,67257
2026-10-01,word,team,1382,9,3,10577,12667
2026-10-01,word,tennis,29,0,2,608,665
2026-10-01,word,terror,85,3,2,3460,3945
2026-10-01,word,test,394,2,4,1157,1319
2026-10-01,word,theme,87,1,3,106,116
2026-10-01,word,things,137,1,3,1161,1445
2026-10-01,word,tiktok,382,0,4,27375,36248
2026-10-01,word,tilted,5094,28,21,507780,662540
2026-10-01,word,tilted gun,322,0,2,6948,9129
2026-10-01,word,tilted zone,751,7,12,495621,646684
2026-10-01,word,tmnt,1007,9,14,3031,3811
2026-10-01,word,tnt,33,4,2,0,0
2026-10-01,word,together,68,1,4,15586,18771
2026-10-01,word,toilet,175,1,2,274,316
2026-10-01,word,tour,84,2,2,81,94
2026-10-01,word,tournament,231,1,3,6257,9843
2026-10-01,word,tower,995,13,17,29604,41352
2026-10-01,word,tower defense,54,1,4,9364,13330
2026-10-01,word,tower tycoon,47,1,4,11650,17315
2026-10-01,word,towers,1573,9,3,327,399
2026-10-01,word,town,596,3,6,19421,52568
2026-10-01,word,toy,127,2,7,332914,491934
2026-10-01,word,train,161,1,2,5032,6997
2026-10-01,word,training,1636,13,22,192517,317841
2026-10-01,word,training aim,41,0,3,15275,20586
2026-10-01,word,training edit,35,0,2,5730,8580
2026-10-01,word,training practice,32,1,2,22450,35405
2026-10-01,word,trap,128,1,4,3324,3952
2026-10-01,word,travis,96,0,6,3784,4132
2026-10-01,word,travis scott,72,0,6,3784,4132
2026-10-01,word,treasure,80,0,2,244,375
2026-10-01,word,trick,166,2,4,30583,35969
2026-10-01,word,trick shot,109,1,3,30521,35886
2026-10-01,word,trickshot,1114,45,8,32773,38469
2026-10-01,word,trickshot parkour,485,2,2,2252,2583
2026-10-01,word,trio,342,3,15,74152,97670
2026-10-01,word,trio escape,36,0,10,2809,3398
2026-10-01,word,trio zone,58,1,2,19017,24507
2026-10-01,word,trios,167,3,2,46708,60742
2026-10-01,word,troll,228,2,3,175567,238212
2026-10-01,word,truck,74,0,2,7270,9779
2026-10-01,word,trucks,35,0,2,65,100
2026-10-01,word,tsunami,234,8,5,8930,16478
2026-10-01,word,turbo,166,12,2,160,195
2026-10-01,word,turtle,463,2,7,27573,43451
2026-10-01,word,twdu,218,1,4,9257,12108
2026-10-01,word,two,98,0,3,992,1098
2026-10-01,word,tycoon,4026,30,100,625352,974207
2026-10-01,word,tycoon co,164,0,5,3850,4448
2026-10-01,word,tycoon new,64,2,4,6423,7901
2026-10-01,word,ultimate,2521,11,11,6657,8736
2026-10-01,word,ultra,1037,7,3,10948,16537
2026-10-01,word,unc,721,1,5,37884,56493
2026-10-01,word,unreal,211,2,3,5314,6245
2026-10-01,word,up,2013,13,28,412146,1963824
2026-10-01,word,up chapter,32,0,3,19217,24756
2026-10-01,word,update,773,4,8,10815,15827
2026-10-01,word,updated,521,1,3,713,875
2026-10-01,word,v1,602,4,4,5339,9001
2026-10-01,word,v2,743,7,5,2484,3652
2026-10-01,word,vader,28,0,3,1585,2025
2026-10-01,word,vault,192,1,2,2664,3612
2026-10-01,word,vehicles,433,3,4,35835,55400
2026-10-01,word,verity,48,1,11,43164,53098
2026-10-01,word,vi,76,0,3,1820,2181
2026-10-01,word,vibe,119,0,4,9087,20625
2026-10-01,word,video,33,0,2,2274,3490
2026-10-01,word,walls,62,1,2,1014,1162
2026-10-01,word,warmup,615,3,4,9884,13305
2026-10-01,word,wars,14859,84,129,2012343,3131529
2026-10-01,word,wars 1v1,262,2,6,114851,185934
2026-10-01,word,wars all,79,0,3,14257,18567
2026-10-01,word,wars duo,91,0,2,25775,37781
2026-10-01,word,wars endgame,50,0,4,180466,276060
2026-10-01,word,wars pvp,63,1,2,7422,13530
2026-10-01,word,wars solo,181,1,3,6950,9135
2026-10-01,word,wars zero,154,1,3,1429,1855
2026-10-01,word,water,303,2,2,12136,18519
2026-10-01,word,weapons,3647,6,10,27558,48191
2026-10-01,word,weapons cars,154,0,2,330,360
2026-10-01,word,white,339,1,2,1558,1596
2026-10-01,word,who,92,1,3,4456,4835
2026-10-01,word,wild,431,5,3,61545,82592
2026-10-01,word,win,143,7,4,5375,6926
2026-10-01,word,winter,1370,4,7,29978,38009
2026-10-01,word,world,1423,21,24,137086,171583
2026-10-01,word,wuggy,35,1,3,562,665
2026-10-01,word,you,357,0,3,2006,2280
2026-10-01,word,youtuber,82,0,2,4440,5959
2026-10-01,word,zb,432,4,4,1107,1581
2026-10-01,word,zero,3274,18,28,104476,199082
2026-10-01,word,zero build,2548,15,26,100026,192466
2026-10-01,word,zerobuild,2726,17,26,100026,192466
2026-10-01,word,zombie,1580,19,36,69384,93296
2026-10-01,word,zombie city,66,0,3,1054,1287
2026-10-01,word,zombie escape,38,0,2,13173,19309
2026-10-01,word,zombie island,52,0,3,946,1058
2026-10-01,word,zombie survival,164,1,2,8733,11523
2026-10-01,word,zombieland,49,0,2,590,689
2026-10-01,word,zombies,749,5,17,14878,18845
2026-10-01,word,zone,11377,71,59,1458892,2151496
2026-10-01,word,zone wars,9849,54,57,1452612,2142113
2026-10-01,word,zonewars,14280,65,59,1452954,2142518
2026-10-01,word,zoo,59,1,5,2871,3370
2026-10-01,word,العاصفه,51,3,7,518657,972741
2026-10-01,word,العرب,43,0,3,7182,10080
2026-10-01,word,المعرقين,131,0,5,234334,374846
2026-10-01,word,باركور,540,37,56,253703,311515
2026-10-01,word,باركور صعب,82,3,8,38174,49570
2026-10-01,word,باركور مرحلة,26,1,5,1779,2024
2026-10-01,word,تحدي,45,1,3,5260,6608
2026-10-01,word,حرب,208,3,3,14857,23705
2026-10-01,word,دو,32,0,4,135384,226360
2026-10-01,word,ريلود,32,0,2,25129,41105
2026-10-01,word,سكرمز,860,6,24,880438,1551565
2026-10-01,word,سكرمز العاصفه,40,3,6,513301,964246
2026-10-01,word,سكرمز المعرقين,41,0,4,224792,351240
2026-10-01,word,صعب,102,7,9,41866,53859
2026-10-01,word,فايت,135,3,4,26133,40311
2026-10-01,word,فلسطين,49,1,3,75553,122530
2026-10-01,word,ماب,346,5,6,13727,29298
2026-10-01,word,ماب باركور,38,3,4,1728,1914
2026-10-01,word,مرحلة,43,1,8,3304,3714
2026-10-01,word,高性能,76,0,2,59783,108819
2026-10-01,word,高性能 1v1,30,0,2,59783,108819
