code,hour,ccu,plays
0256-1067-5136,0,,
0256-1067-5136,1,,
0256-1067-5136,2,,
0256-1067-5136,3,,
0256-1067-5136,4,,
0256-1067-5136,5,,
0256-1067-5136,6,9,15
0256-1067-5136,7,,
0256-1067-5136,8,,
0256-1067-5136,9,,
0256-1067-5136,10,,
0256-1067-5136,11,,
0256-1067-5136,12,,
0256-1067-5136,13,,
0256-1067-5136,14,,
0256-1067-5136,15,,
0256-1067-5136,16,3,2
0256-1067-5136,17,,
0256-1067-5136,18,,
0256-1067-5136,19,,
0256-1067-5136,20,,
0256-1067-5136,21,,
0256-1067-5136,22,,
0256-1067-5136,23,,
0256-1067-5136,24,,
0256-1067-5136,25,,
0256-1067-5136,26,,
0256-1067-5136,27,,
0256-1067-5136,28,,
0256-1067-5136,29,,
0256-1067-5136,30,,
0256-1067-5136,31,,
0256-1067-5136,32,,
0256-1067-5136,33,,
0256-1067-5136,34,,
0256-1067-5136,35,,
0256-1067-5136,36,,
0256-1067-5136,37,,
0256-1067-5136,38,,
0256-1067-5136,39,,
0256-1067-5136,40,,
0256-1067-5136,41,,
0256-1067-5136,42,7,5
0256-1067-5136,43,9,24
0256-1067-5136,44,19,26
0256-1067-5136,45,10,31
0256-1067-5136,46,167,581
0256-1067-5136,47,72,19
0256-1067-5136,48,4,3
0256-1067-5136,49,,
0256-1067-5136,50,5,5
0256-1067-5136,51,,
0256-1067-5136,52,,
0256-1067-5136,53,,
0256-1067-5136,54,,
0256-1067-5136,55,,
0256-1067-5136,56,,
0256-1067-5136,57,,
0256-1067-5136,58,,
0256-1067-5136,59,,
0256-1067-5136,60,,
0256-1067-5136,61,,
0256-1067-5136,62,,
0256-1067-5136,63,,
0256-1067-5136,64,,
0256-1067-5136,65,5,2
0256-1067-5136,66,,
0256-1067-5136,67,,
0256-1067-5136,68,,
0256-1067-5136,69,,
0256-1067-5136,70,,
0256-1067-5136,71,,
0256-1067-5136,72,,
0256-1067-5136,73,,
0256-1067-5136,74,,
0256-1067-5136,75,6,3
0256-1067-5136,76,,
0256-1067-5136,77,,
0256-1067-5136,78,,
0256-1067-5136,79,,
0256-1067-5136,80,,
0256-1067-5136,81,,
0256-1067-5136,82,,
0256-1067-5136,83,,
0256-1067-5136,84,,
0256-1067-5136,85,,
0256-1067-5136,86,,
0256-1067-5136,87,,
0256-1067-5136,88,,
0256-1067-5136,89,,
0256-1067-5136,90,,
0256-1067-5136,91,,
0256-1067-5136,92,,
0256-1067-5136,93,,
0256-1067-5136,94,,
0256-1067-5136,95,,
0256-1067-5136,96,,
0256-1067-5136,97,,
0256-1067-5136,98,,
0256-1067-5136,99,,
0256-1067-5136,100,,
0256-1067-5136,101,,
0256-1067-5136,102,,
0256-1067-5136,103,,
0256-1067-5136,104,,
0256-1067-5136,105,,
0256-1067-5136,106,,
0256-1067-5136,107,,
0256-1067-5136,108,,
0256-1067-5136,109,,
0256-1067-5136,110,,
0256-1067-5136,111,,
0256-1067-5136,112,,
0256-1067-5136,113,,
0256-1067-5136,114,,
0256-1067-5136,115,,
0256-1067-5136,116,,
0256-1067-5136,117,,
0256-1067-5136,118,,
0256-1067-5136,119,,
0256-1067-5136,120,,
0256-1067-5136,121,,
0256-1067-5136,122,,
0256-1067-5136,123,,
0256-1067-5136,124,,
0256-1067-5136,125,,
0256-1067-5136,126,,
0256-1067-5136,127,,
0256-1067-5136,128,,
0256-1067-5136,129,,
0256-1067-5136,130,,
0256-1067-5136,131,,
0256-1067-5136,132,,
0256-1067-5136,133,,
0256-1067-5136,134,,
0256-1067-5136,135,,
0256-1067-5136,136,,
0256-1067-5136,137,,
0256-1067-5136,138,,
0256-1067-5136,139,,
0256-1067-5136,140,,
0256-1067-5136,141,,
0256-1067-5136,142,,
0256-1067-5136,143,,
5341-2894-6624,0,8,44
5341-2894-6624,1,12,37
5341-2894-6624,2,12,40
5341-2894-6624,3,7,5
5341-2894-6624,4,,
5341-2894-6624,5,,
5341-2894-6624,6,3,6
5341-2894-6624,7,5,1
5341-2894-6624,8,,
5341-2894-6624,9,5,2
5341-2894-6624,10,,
5341-2894-6624,11,8,19
5341-2894-6624,12,9,20
5341-2894-6624,13,16,47
5341-2894-6624,14,9,39
5341-2894-6624,15,18,104
5341-2894-6624,16,20,101
5341-2894-6624,17,17,117
5341-2894-6624,18,42,213
5341-2894-6624,19,70,524
5341-2894-6624,20,51,208
5341-2894-6624,21,29,195
5341-2894-6624,22,30,156
5341-2894-6624,23,25,100
5341-2894-6624,24,24,101
5341-2894-6624,25,25,77
5341-2894-6624,26,24,95
5341-2894-6624,27,17,47
5341-2894-6624,28,13,41
5341-2894-6624,29,9,17
5341-2894-6624,30,11,30
5341-2894-6624,31,14,21
5341-2894-6624,32,7,9
5341-2894-6624,33,,
5341-2894-6624,34,5,1
5341-2894-6624,35,7,15
5341-2894-6624,36,12,46
5341-2894-6624,37,20,92
5341-2894-6624,38,27,114
5341-2894-6624,39,29,100
5341-2894-6624,40,20,83
5341-2894-6624,41,32,136
5341-2894-6624,42,41,153
5341-2894-6624,43,30,131
5341-2894-6624,44,36,137
5341-2894-6624,45,28,114
5341-2894-6624,46,102,232
5341-2894-6624,47,112,154
5341-2894-6624,48,24,67
5341-2894-6624,49,17,44
5341-2894-6624,50,49,131
5341-2894-6624,51,13,41
5341-2894-6624,52,10,22
5341-2894-6624,53,7,11
5341-2894-6624,54,7,16
5341-2894-6624,55,5,8
5341-2894-6624,56,5,3
5341-2894-6624,57,5,6
5341-2894-6624,58,7,13
5341-2894-6624,59,4,2
5341-2894-6624,60,,
5341-2894-6624,61,,
5341-2894-6624,62,,
5341-2894-6624,63,3,2
5341-2894-6624,64,9,29
5341-2894-6624,65,23,67
5341-2894-6624,66,25,74
5341-2894-6624,67,15,74
5341-2894-6624,68,14,78
5341-2894-6624,69,17,86
5341-2894-6624,70,17,73
5341-2894-6624,71,15,63
5341-2894-6624,72,19,49
5341-2894-6624,73,19,44
5341-2894-6624,74,6,15
5341-2894-6624,75,9,23
5341-2894-6624,76,10,14
5341-2894-6624,77,8,14
5341-2894-6624,78,4,1
5341-2894-6624,79,10,20
5341-2894-6624,80,,
5341-2894-6624,81,,
5341-2894-6624,82,,
5341-2894-6624,83,,
5341-2894-6624,84,,
5341-2894-6624,85,,
5341-2894-6624,86,7,14
5341-2894-6624,87,5,4
5341-2894-6624,88,7,18
5341-2894-6624,89,20,74
5341-2894-6624,90,23,83
5341-2894-6624,91,17,70
5341-2894-6624,92,14,56
5341-2894-6624,93,13,36
5341-2894-6624,94,14,49
5341-2894-6624,95,13,61
5341-2894-6624,96,20,62
5341-2894-6624,97,10,37
5341-2894-6624,98,10,19
5341-2894-6624,99,12,24
5341-2894-6624,100,9,26
5341-2894-6624,101,10,24
5341-2894-6624,102,11,11
5341-2894-6624,103,7,21
5341-2894-6624,104,6,6
5341-2894-6624,105,,
5341-2894-6624,106,,
5341-2894-6624,107,,
5341-2894-6624,108,4,4
5341-2894-6624,109,,
5341-2894-6624,110,,
5341-2894-6624,111,,
5341-2894-6624,112,6,19
5341-2894-6624,113,15,43
5341-2894-6624,114,21,72
5341-2894-6624,115,21,75
5341-2894-6624,116,86,197
5341-2894-6624,117,71,84
5341-2894-6624,118,23,87
5341-2894-6624,119,27,100
5341-2894-6624,120,12,49
5341-2894-6624,121,7,21
5341-2894-6624,122,9,24
5341-2894-6624,123,8,14
5341-2894-6624,124,9,25
5341-2894-6624,125,10,24
5341-2894-6624,126,12,4
5341-2894-6624,127,,
5341-2894-6624,128,5,3
5341-2894-6624,129,,
5341-2894-6624,130,5,3
5341-2894-6624,131,,
5341-2894-6624,132,,
5341-2894-6624,133,,
5341-2894-6624,134,,
5341-2894-6624,135,3,3
5341-2894-6624,136,5,6
5341-2894-6624,137,6,17
5341-2894-6624,138,16,71
5341-2894-6624,139,19,54
5341-2894-6624,140,13,62
5341-2894-6624,141,16,60
5341-2894-6624,142,18,48
5341-2894-6624,143,11,32
7165-4383-7978,0,,
7165-4383-7978,1,,
7165-4383-7978,2,,
7165-4383-7978,3,,
7165-4383-7978,4,,
7165-4383-7978,5,,
7165-4383-7978,6,,
7165-4383-7978,7,,
7165-4383-7978,8,,
7165-4383-7978,9,,
7165-4383-7978,10,,
7165-4383-7978,11,,
7165-4383-7978,12,,
7165-4383-7978,13,,
7165-4383-7978,14,,
7165-4383-7978,15,,
7165-4383-7978,16,,
7165-4383-7978,17,,
7165-4383-7978,18,,
7165-4383-7978,19,6,4
7165-4383-7978,20,,
7165-4383-7978,21,,
7165-4383-7978,22,,
7165-4383-7978,23,,
7165-4383-7978,24,,
7165-4383-7978,25,,
7165-4383-7978,26,5,3
7165-4383-7978,27,,
7165-4383-7978,28,,
7165-4383-7978,29,,
7165-4383-7978,30,,
7165-4383-7978,31,,
7165-4383-7978,32,,
7165-4383-7978,33,,
7165-4383-7978,34,,
7165-4383-7978,35,,
7165-4383-7978,36,,
7165-4383-7978,37,,
7165-4383-7978,38,,
7165-4383-7978,39,,
7165-4383-7978,40,,
7165-4383-7978,41,,
7165-4383-7978,42,,
7165-4383-7978,43,9,11
7165-4383-7978,44,9,4
7165-4383-7978,45,7,8
7165-4383-7978,46,10,8
7165-4383-7978,47,,
7165-4383-7978,48,,
7165-4383-7978,49,172,361
7165-4383-7978,50,47,24
7165-4383-7978,51,12,22
7165-4383-7978,52,,
7165-4383-7978,53,7,11
7165-4383-7978,54,,
7165-4383-7978,55,,
7165-4383-7978,56,,
7165-4383-7978,57,,
7165-4383-7978,58,,
7165-4383-7978,59,,
7165-4383-7978,60,6,8
7165-4383-7978,61,33,114
7165-4383-7978,62,46,127
7165-4383-7978,63,40,157
7165-4383-7978,64,38,80
7165-4383-7978,65,36,102
7165-4383-7978,66,16,23
7165-4383-7978,67,6,3
7165-4383-7978,68,,
7165-4383-7978,69,,
7165-4383-7978,70,,
7165-4383-7978,71,8,11
7165-4383-7978,72,8,6
7165-4383-7978,73,4,1
7165-4383-7978,74,,
7165-4383-7978,75,,
7165-4383-7978,76,,
7165-4383-7978,77,,
7165-4383-7978,78,,
7165-4383-7978,79,,
7165-4383-7978,80,,
7165-4383-7978,81,,
7165-4383-7978,82,,
7165-4383-7978,83,,
7165-4383-7978,84,,
7165-4383-7978,85,,
7165-4383-7978,86,,
7165-4383-7978,87,10,15
7165-4383-7978,88,,
7165-4383-7978,89,6,8
7165-4383-7978,90,6,5
7165-4383-7978,91,74,166
7165-4383-7978,92,132,375
7165-4383-7978,93,151,292
7165-4383-7978,94,44,35
7165-4383-7978,95,17,36
7165-4383-7978,96,19,29
7165-4383-7978,97,12,7
7165-4383-7978,98,6,8
7165-4383-7978,99,5,5
7165-4383-7978,100,7,12
7165-4383-7978,101,9,10
7165-4383-7978,102,10,15
7165-4383-7978,103,5,
7165-4383-7978,104,,
7165-4383-7978,105,,
7165-4383-7978,106,5,5
7165-4383-7978,107,,
7165-4383-7978,108,,
7165-4383-7978,109,7,3
7165-4383-7978,110,4,3
7165-4383-7978,111,13,16
7165-4383-7978,112,13,19
7165-4383-7978,113,17,24
7165-4383-7978,114,14,24
7165-4383-7978,115,15,24
7165-4383-7978,116,12,19
7165-4383-7978,117,11,25
7165-4383-7978,118,17,26
7165-4383-7978,119,16,20
7165-4383-7978,120,15,21
7165-4383-7978,121,6,3
7165-4383-7978,122,,
7165-4383-7978,123,,
7165-4383-7978,124,,
7165-4383-7978,125,,
7165-4383-7978,126,7,6
7165-4383-7978,127,7,6
7165-4383-7978,128,6,6
7165-4383-7978,129,6,0
7165-4383-7978,130,,
7165-4383-7978,131,,
7165-4383-7978,132,,
7165-4383-7978,133,,
7165-4383-7978,134,,
7165-4383-7978,135,,
7165-4383-7978,136,,
7165-4383-7978,137,5,2
7165-4383-7978,138,8,3
7165-4383-7978,139,,
7165-4383-7978,140,5,5
7165-4383-7978,141,,
7165-4383-7978,142,5,5
7165-4383-7978,143,,
8444-3773-7846,0,,
8444-3773-7846,1,,
8444-3773-7846,2,,
8444-3773-7846,3,,
8444-3773-7846,4,,
8444-3773-7846,5,,
8444-3773-7846,6,,
8444-3773-7846,7,,
8444-3773-7846,8,,
8444-3773-7846,9,,
8444-3773-7846,10,,
8444-3773-7846,11,,
8444-3773-7846,12,,
8444-3773-7846,13,,
8444-3773-7846,14,,
8444-3773-7846,15,,
8444-3773-7846,16,,
8444-3773-7846,17,,
8444-3773-7846,18,,
8444-3773-7846,19,,
8444-3773-7846,20,,
8444-3773-7846,21,,
8444-3773-7846,22,57,93
8444-3773-7846,23,62,38
8444-3773-7846,24,9,5
8444-3773-7846,25,,
8444-3773-7846,26,3,4
8444-3773-7846,27,8,16
8444-3773-7846,28,5,2
8444-3773-7846,29,,
8444-3773-7846,30,6,8
8444-3773-7846,31,5,7
8444-3773-7846,32,,
8444-3773-7846,33,,
8444-3773-7846,34,,
8444-3773-7846,35,3,6
8444-3773-7846,36,,
8444-3773-7846,37,5,6
8444-3773-7846,38,,
8444-3773-7846,39,4,5
8444-3773-7846,40,5,5
8444-3773-7846,41,7,23
8444-3773-7846,42,6,3
8444-3773-7846,43,6,8
8444-3773-7846,44,11,11
8444-3773-7846,45,,
8444-3773-7846,46,7,6
8444-3773-7846,47,6,12
8444-3773-7846,48,,
8444-3773-7846,49,6,7
8444-3773-7846,50,,
8444-3773-7846,51,,
8444-3773-7846,52,,
8444-3773-7846,53,,
8444-3773-7846,54,5,8
8444-3773-7846,55,,
8444-3773-7846,56,,
8444-3773-7846,57,,
8444-3773-7846,58,4,1
8444-3773-7846,59,,
8444-3773-7846,60,,
8444-3773-7846,61,,
8444-3773-7846,62,,
8444-3773-7846,63,,
8444-3773-7846,64,,
8444-3773-7846,65,,
8444-3773-7846,66,,
8444-3773-7846,67,,
8444-3773-7846,68,,
8444-3773-7846,69,,
8444-3773-7846,70,,
8444-3773-7846,71,,
8444-3773-7846,72,4,5
8444-3773-7846,73,7,7
8444-3773-7846,74,,
8444-3773-7846,75,,
8444-3773-7846,76,,
8444-3773-7846,77,,
8444-3773-7846,78,,
8444-3773-7846,79,,
8444-3773-7846,80,,
8444-3773-7846,81,,
8444-3773-7846,82,,
8444-3773-7846,83,,
8444-3773-7846,84,,
8444-3773-7846,85,,
8444-3773-7846,86,,
8444-3773-7846,87,,
8444-3773-7846,88,,
8444-3773-7846,89,,
8444-3773-7846,90,,
8444-3773-7846,91,,
8444-3773-7846,92,,
8444-3773-7846,93,6,6
8444-3773-7846,94,,
8444-3773-7846,95,,
8444-3773-7846,96,,
8444-3773-7846,97,,
8444-3773-7846,98,,
8444-3773-7846,99,,
8444-3773-7846,100,,
8444-3773-7846,101,,
8444-3773-7846,102,,
8444-3773-7846,103,,
8444-3773-7846,104,,
8444-3773-7846,105,,
8444-3773-7846,106,,
8444-3773-7846,107,,
8444-3773-7846,108,,
8444-3773-7846,109,,
8444-3773-7846,110,,
8444-3773-7846,111,,
8444-3773-7846,112,,
8444-3773-7846,113,,
8444-3773-7846,114,,
8444-3773-7846,115,5,1
8444-3773-7846,116,,
8444-3773-7846,117,,
8444-3773-7846,118,,
8444-3773-7846,119,,
8444-3773-7846,120,,
8444-3773-7846,121,,
8444-3773-7846,122,9,15
8444-3773-7846,123,,
8444-3773-7846,124,,
8444-3773-7846,125,,
8444-3773-7846,126,,
8444-3773-7846,127,,
8444-3773-7846,128,,
8444-3773-7846,129,,
8444-3773-7846,130,,
8444-3773-7846,131,,
8444-3773-7846,132,,
8444-3773-7846,133,,
8444-3773-7846,134,,
8444-3773-7846,135,,
8444-3773-7846,136,,
8444-3773-7846,137,,
8444-3773-7846,138,,
8444-3773-7846,139,,
8444-3773-7846,140,,
8444-3773-7846,141,,
8444-3773-7846,142,,
8444-3773-7846,143,,
9028-6059-5313,0,,
9028-6059-5313,1,,
9028-6059-5313,2,63,145
9028-6059-5313,3,54,137
9028-6059-5313,4,10,5
9028-6059-5313,5,,
9028-6059-5313,6,,
9028-6059-5313,7,,
9028-6059-5313,8,,
9028-6059-5313,9,,
9028-6059-5313,10,,
9028-6059-5313,11,,
9028-6059-5313,12,,
9028-6059-5313,13,,
9028-6059-5313,14,,
9028-6059-5313,15,,
9028-6059-5313,16,,
9028-6059-5313,17,,
9028-6059-5313,18,,
9028-6059-5313,19,,
9028-6059-5313,20,,
9028-6059-5313,21,,
9028-6059-5313,22,,
9028-6059-5313,23,,
9028-6059-5313,24,,
9028-6059-5313,25,,
9028-6059-5313,26,,
9028-6059-5313,27,,
9028-6059-5313,28,,
9028-6059-5313,29,,
9028-6059-5313,30,,
9028-6059-5313,31,,
9028-6059-5313,32,,
9028-6059-5313,33,,
9028-6059-5313,34,,
9028-6059-5313,35,,
9028-6059-5313,36,,
9028-6059-5313,37,,
9028-6059-5313,38,,
9028-6059-5313,39,,
9028-6059-5313,40,,
9028-6059-5313,41,,
9028-6059-5313,42,,
9028-6059-5313,43,,
9028-6059-5313,44,,
9028-6059-5313,45,,
9028-6059-5313,46,,
9028-6059-5313,47,,
9028-6059-5313,48,,
9028-6059-5313,49,,
9028-6059-5313,50,,
9028-6059-5313,51,,
9028-6059-5313,52,,
9028-6059-5313,53,,
9028-6059-5313,54,,
9028-6059-5313,55,,
9028-6059-5313,56,,
9028-6059-5313,57,,
9028-6059-5313,58,,
9028-6059-5313,59,,
9028-6059-5313,60,,
9028-6059-5313,61,,
9028-6059-5313,62,,
9028-6059-5313,63,,
9028-6059-5313,64,,
9028-6059-5313,65,,
9028-6059-5313,66,,
9028-6059-5313,67,,
9028-6059-5313,68,,
9028-6059-5313,69,,
9028-6059-5313,70,,
9028-6059-5313,71,,
9028-6059-5313,72,,
9028-6059-5313,73,,
9028-6059-5313,74,,
9028-6059-5313,75,,
9028-6059-5313,76,,
9028-6059-5313,77,,
9028-6059-5313,78,,
9028-6059-5313,79,,
9028-6059-5313,80,,
9028-6059-5313,81,,
9028-6059-5313,82,,
9028-6059-5313,83,,
9028-6059-5313,84,,
9028-6059-5313,85,,
9028-6059-5313,86,,
9028-6059-5313,87,,
9028-6059-5313,88,,
9028-6059-5313,89,,
9028-6059-5313,90,,
9028-6059-5313,91,,
9028-6059-5313,92,,
9028-6059-5313,93,,
9028-6059-5313,94,,
9028-6059-5313,95,,
9028-6059-5313,96,,
9028-6059-5313,97,,
9028-6059-5313,98,,
9028-6059-5313,99,,
9028-6059-5313,100,,
9028-6059-5313,101,,
9028-6059-5313,102,,
9028-6059-5313,103,,
9028-6059-5313,104,,
9028-6059-5313,105,,
9028-6059-5313,106,,
9028-6059-5313,107,,
9028-6059-5313,108,,
9028-6059-5313,109,,
9028-6059-5313,110,,
9028-6059-5313,111,,
9028-6059-5313,112,,
9028-6059-5313,113,,
9028-6059-5313,114,,
9028-6059-5313,115,,
9028-6059-5313,116,,
9028-6059-5313,117,,
9028-6059-5313,118,,
9028-6059-5313,119,,
9028-6059-5313,120,,
9028-6059-5313,121,,
9028-6059-5313,122,,
9028-6059-5313,123,,
9028-6059-5313,124,,
9028-6059-5313,125,,
9028-6059-5313,126,,
9028-6059-5313,127,,
9028-6059-5313,128,,
9028-6059-5313,129,,
9028-6059-5313,130,,
9028-6059-5313,131,,
9028-6059-5313,132,,
9028-6059-5313,133,,
9028-6059-5313,134,,
9028-6059-5313,135,,
9028-6059-5313,136,,
9028-6059-5313,137,,
9028-6059-5313,138,,
9028-6059-5313,139,,
9028-6059-5313,140,,
9028-6059-5313,141,,
9028-6059-5313,142,,
9028-6059-5313,143,,
7054-3169-5128,0,,
7054-3169-5128,1,,
7054-3169-5128,2,,
7054-3169-5128,3,,
7054-3169-5128,4,,
7054-3169-5128,5,,
7054-3169-5128,6,,
7054-3169-5128,7,,
7054-3169-5128,8,,
7054-3169-5128,9,,
7054-3169-5128,10,,
7054-3169-5128,11,142,260
7054-3169-5128,12,29,5
7054-3169-5128,13,8,5
7054-3169-5128,14,5,4
7054-3169-5128,15,,
7054-3169-5128,16,,
7054-3169-5128,17,5,3
7054-3169-5128,18,,
7054-3169-5128,19,,
7054-3169-5128,20,,
7054-3169-5128,21,,
7054-3169-5128,22,,
7054-3169-5128,23,,
7054-3169-5128,24,,
7054-3169-5128,25,,
7054-3169-5128,26,,
7054-3169-5128,27,,
7054-3169-5128,28,,
7054-3169-5128,29,,
7054-3169-5128,30,,
7054-3169-5128,31,,
7054-3169-5128,32,,
7054-3169-5128,33,,
7054-3169-5128,34,,
7054-3169-5128,35,4,1
7054-3169-5128,36,,
7054-3169-5128,37,,
7054-3169-5128,38,,
7054-3169-5128,39,,
7054-3169-5128,40,,
7054-3169-5128,41,,
7054-3169-5128,42,,
7054-3169-5128,43,,
7054-3169-5128,44,,
7054-3169-5128,45,,
7054-3169-5128,46,,
7054-3169-5128,47,,
7054-3169-5128,48,,
7054-3169-5128,49,,
7054-3169-5128,50,,
7054-3169-5128,51,,
7054-3169-5128,52,,
7054-3169-5128,53,,
7054-3169-5128,54,,
7054-3169-5128,55,,
7054-3169-5128,56,,
7054-3169-5128,57,,
7054-3169-5128,58,,
7054-3169-5128,59,,
7054-3169-5128,60,,
7054-3169-5128,61,,
7054-3169-5128,62,,
7054-3169-5128,63,,
7054-3169-5128,64,,
7054-3169-5128,65,,
7054-3169-5128,66,,
7054-3169-5128,67,,
7054-3169-5128,68,,
7054-3169-5128,69,,
7054-3169-5128,70,,
7054-3169-5128,71,,
7054-3169-5128,72,,
7054-3169-5128,73,,
7054-3169-5128,74,,
7054-3169-5128,75,,
7054-3169-5128,76,,
7054-3169-5128,77,,
7054-3169-5128,78,,
7054-3169-5128,79,,
7054-3169-5128,80,,
7054-3169-5128,81,,
7054-3169-5128,82,,
7054-3169-5128,83,,
7054-3169-5128,84,,
7054-3169-5128,85,,
7054-3169-5128,86,,
7054-3169-5128,87,,
7054-3169-5128,88,,
7054-3169-5128,89,,
7054-3169-5128,90,,
7054-3169-5128,91,,
7054-3169-5128,92,,
7054-3169-5128,93,,
7054-3169-5128,94,,
7054-3169-5128,95,,
7054-3169-5128,96,,
7054-3169-5128,97,,
7054-3169-5128,98,,
7054-3169-5128,99,,
7054-3169-5128,100,,
7054-3169-5128,101,,
7054-3169-5128,102,,
7054-3169-5128,103,,
7054-3169-5128,104,,
7054-3169-5128,105,,
7054-3169-5128,106,,
7054-3169-5128,107,,
7054-3169-5128,108,,
7054-3169-5128,109,,
7054-3169-5128,110,,
7054-3169-5128,111,,
7054-3169-5128,112,,
7054-3169-5128,113,,
7054-3169-5128,114,,
7054-3169-5128,115,,
7054-3169-5128,116,,
7054-3169-5128,117,,
7054-3169-5128,118,,
7054-3169-5128,119,,
7054-3169-5128,120,,
7054-3169-5128,121,,
7054-3169-5128,122,,
7054-3169-5128,123,,
7054-3169-5128,124,,
7054-3169-5128,125,,
7054-3169-5128,126,,
7054-3169-5128,127,,
7054-3169-5128,128,,
7054-3169-5128,129,,
7054-3169-5128,130,,
7054-3169-5128,131,,
7054-3169-5128,132,,
7054-3169-5128,133,,
7054-3169-5128,134,,
7054-3169-5128,135,,
7054-3169-5128,136,,
7054-3169-5128,137,,
7054-3169-5128,138,,
7054-3169-5128,139,,
7054-3169-5128,140,,
7054-3169-5128,141,,
7054-3169-5128,142,,
7054-3169-5128,143,,
0452-7965-9408,0,,
0452-7965-9408,1,,
0452-7965-9408,2,,
0452-7965-9408,3,,
0452-7965-9408,4,,
0452-7965-9408,5,,
0452-7965-9408,6,,
0452-7965-9408,7,,
0452-7965-9408,8,,
0452-7965-9408,9,,
0452-7965-9408,10,,
0452-7965-9408,11,,
0452-7965-9408,12,,
0452-7965-9408,13,,
0452-7965-9408,14,,
0452-7965-9408,15,,
0452-7965-9408,16,,
0452-7965-9408,17,80,246
0452-7965-9408,18,49,31
0452-7965-9408,19,6,4
0452-7965-9408,20,,
0452-7965-9408,21,,
0452-7965-9408,22,,
0452-7965-9408,23,,
0452-7965-9408,24,,
0452-7965-9408,25,,
0452-7965-9408,26,,
0452-7965-9408,27,,
0452-7965-9408,28,,
0452-7965-9408,29,,
0452-7965-9408,30,,
0452-7965-9408,31,,
0452-7965-9408,32,,
0452-7965-9408,33,,
0452-7965-9408,34,,
0452-7965-9408,35,,
0452-7965-9408,36,,
0452-7965-9408,37,,
0452-7965-9408,38,,
0452-7965-9408,39,,
0452-7965-9408,40,,
0452-7965-9408,41,,
0452-7965-9408,42,,
0452-7965-9408,43,,
0452-7965-9408,44,,
0452-7965-9408,45,,
0452-7965-9408,46,,
0452-7965-9408,47,,
0452-7965-9408,48,,
0452-7965-9408,49,,
0452-7965-9408,50,,
0452-7965-9408,51,,
0452-7965-9408,52,,
0452-7965-9408,53,,
0452-7965-9408,54,,
0452-7965-9408,55,,
0452-7965-9408,56,,
0452-7965-9408,57,,
0452-7965-9408,58,,
0452-7965-9408,59,,
0452-7965-9408,60,,
0452-7965-9408,61,,
0452-7965-9408,62,,
0452-7965-9408,63,,
0452-7965-9408,64,,
0452-7965-9408,65,,
0452-7965-9408,66,,
0452-7965-9408,67,,
0452-7965-9408,68,,
0452-7965-9408,69,,
0452-7965-9408,70,,
0452-7965-9408,71,,
0452-7965-9408,72,,
0452-7965-9408,73,,
0452-7965-9408,74,,
0452-7965-9408,75,,
0452-7965-9408,76,,
0452-7965-9408,77,,
0452-7965-9408,78,,
0452-7965-9408,79,,
0452-7965-9408,80,,
0452-7965-9408,81,,
0452-7965-9408,82,,
0452-7965-9408,83,,
0452-7965-9408,84,,
0452-7965-9408,85,,
0452-7965-9408,86,,
0452-7965-9408,87,,
0452-7965-9408,88,,
0452-7965-9408,89,,
0452-7965-9408,90,,
0452-7965-9408,91,,
0452-7965-9408,92,,
0452-7965-9408,93,,
0452-7965-9408,94,,
0452-7965-9408,95,,
0452-7965-9408,96,,
0452-7965-9408,97,,
0452-7965-9408,98,,
0452-7965-9408,99,,
0452-7965-9408,100,,
0452-7965-9408,101,,
0452-7965-9408,102,,
0452-7965-9408,103,,
0452-7965-9408,104,,
0452-7965-9408,105,,
0452-7965-9408,106,,
0452-7965-9408,107,,
0452-7965-9408,108,,
0452-7965-9408,109,,
0452-7965-9408,110,,
0452-7965-9408,111,,
0452-7965-9408,112,,
0452-7965-9408,113,,
0452-7965-9408,114,,
0452-7965-9408,115,,
0452-7965-9408,116,,
0452-7965-9408,117,,
0452-7965-9408,118,,
0452-7965-9408,119,,
0452-7965-9408,120,,
0452-7965-9408,121,,
0452-7965-9408,122,,
0452-7965-9408,123,,
0452-7965-9408,124,,
0452-7965-9408,125,,
0452-7965-9408,126,,
0452-7965-9408,127,,
0452-7965-9408,128,,
0452-7965-9408,129,,
0452-7965-9408,130,,
0452-7965-9408,131,,
0452-7965-9408,132,,
0452-7965-9408,133,,
0452-7965-9408,134,,
0452-7965-9408,135,,
0452-7965-9408,136,,
0452-7965-9408,137,,
0452-7965-9408,138,,
0452-7965-9408,139,,
0452-7965-9408,140,,
0452-7965-9408,141,,
0452-7965-9408,142,,
0452-7965-9408,143,,
0555-4320-2692,0,,
0555-4320-2692,1,,
0555-4320-2692,2,,
0555-4320-2692,3,,
0555-4320-2692,4,,
0555-4320-2692,5,,
0555-4320-2692,6,,
0555-4320-2692,7,,
0555-4320-2692,8,,
0555-4320-2692,9,,
0555-4320-2692,10,,
0555-4320-2692,11,,
0555-4320-2692,12,,
0555-4320-2692,13,,
0555-4320-2692,14,,
0555-4320-2692,15,,
0555-4320-2692,16,,
0555-4320-2692,17,,
0555-4320-2692,18,,
0555-4320-2692,19,,
0555-4320-2692,20,,
0555-4320-2692,21,,
0555-4320-2692,22,,
0555-4320-2692,23,,
0555-4320-2692,24,,
0555-4320-2692,25,,
0555-4320-2692,26,2,5
0555-4320-2692,27,,
0555-4320-2692,28,,
0555-4320-2692,29,,
0555-4320-2692,30,,
0555-4320-2692,31,,
0555-4320-2692,32,,
0555-4320-2692,33,,
0555-4320-2692,34,,
0555-4320-2692,35,,
0555-4320-2692,36,,
0555-4320-2692,37,,
0555-4320-2692,38,,
0555-4320-2692,39,,
0555-4320-2692,40,,
0555-4320-2692,41,,
0555-4320-2692,42,,
0555-4320-2692,43,,
0555-4320-2692,44,,
0555-4320-2692,45,,
0555-4320-2692,46,,
0555-4320-2692,47,,
0555-4320-2692,48,,
0555-4320-2692,49,,
0555-4320-2692,50,,
0555-4320-2692,51,,
0555-4320-2692,52,,
0555-4320-2692,53,51,84
0555-4320-2692,54,,
0555-4320-2692,55,,
0555-4320-2692,56,,
0555-4320-2692,57,,
0555-4320-2692,58,,
0555-4320-2692,59,,
0555-4320-2692,60,,
0555-4320-2692,61,,
0555-4320-2692,62,,
0555-4320-2692,63,,
0555-4320-2692,64,,
0555-4320-2692,65,,
0555-4320-2692,66,,
0555-4320-2692,67,,
0555-4320-2692,68,,
0555-4320-2692,69,,
0555-4320-2692,70,,
0555-4320-2692,71,,
0555-4320-2692,72,,
0555-4320-2692,73,,
0555-4320-2692,74,,
0555-4320-2692,75,,
0555-4320-2692,76,,
0555-4320-2692,77,,
0555-4320-2692,78,,
0555-4320-2692,79,,
0555-4320-2692,80,,
0555-4320-2692,81,,
0555-4320-2692,82,,
0555-4320-2692,83,,
0555-4320-2692,84,,
0555-4320-2692,85,,
0555-4320-2692,86,,
0555-4320-2692,87,,
0555-4320-2692,88,,
0555-4320-2692,89,,
0555-4320-2692,90,,
0555-4320-2692,91,,
0555-4320-2692,92,,
0555-4320-2692,93,,
0555-4320-2692,94,,
0555-4320-2692,95,,
0555-4320-2692,96,,
0555-4320-2692,97,,
0555-4320-2692,98,,
0555-4320-2692,99,,
0555-4320-2692,100,,
0555-4320-2692,101,,
0555-4320-2692,102,,
0555-4320-2692,103,,
0555-4320-2692,104,,
0555-4320-2692,105,,
0555-4320-2692,106,,
0555-4320-2692,107,,
0555-4320-2692,108,,
0555-4320-2692,109,,
0555-4320-2692,110,,
0555-4320-2692,111,,
0555-4320-2692,112,,
0555-4320-2692,113,,
0555-4320-2692,114,,
0555-4320-2692,115,,
0555-4320-2692,116,,
0555-4320-2692,117,,
0555-4320-2692,118,,
0555-4320-2692,119,,
0555-4320-2692,120,,
0555-4320-2692,121,,
0555-4320-2692,122,,
0555-4320-2692,123,,
0555-4320-2692,124,,
0555-4320-2692,125,,
0555-4320-2692,126,,
0555-4320-2692,127,,
0555-4320-2692,128,,
0555-4320-2692,129,,
0555-4320-2692,130,,
0555-4320-2692,131,,
0555-4320-2692,132,,
0555-4320-2692,133,,
0555-4320-2692,134,,
0555-4320-2692,135,,
0555-4320-2692,136,,
0555-4320-2692,137,,
0555-4320-2692,138,,
0555-4320-2692,139,,
0555-4320-2692,140,,
0555-4320-2692,141,,
0555-4320-2692,142,,
0555-4320-2692,143,,
6771-1880-7737,0,62,198
6771-1880-7737,1,71,184
6771-1880-7737,2,85,214
6771-1880-7737,3,70,223
6771-1880-7737,4,62,202
6771-1880-7737,5,85,201
6771-1880-7737,6,74,192
6771-1880-7737,7,63,173
6771-1880-7737,8,52,124
6771-1880-7737,9,42,60
6771-1880-7737,10,45,162
6771-1880-7737,11,45,132
6771-1880-7737,12,49,136
6771-1880-7737,13,53,118
6771-1880-7737,14,50,94
6771-1880-7737,15,38,118
6771-1880-7737,16,51,125
6771-1880-7737,17,72,175
6771-1880-7737,18,66,166
6771-1880-7737,19,59,166
6771-1880-7737,20,47,150
6771-1880-7737,21,55,154
6771-1880-7737,22,68,162
6771-1880-7737,23,61,158
6771-1880-7737,24,63,161
6771-1880-7737,25,62,180
6771-1880-7737,26,73,179
6771-1880-7737,27,70,141
6771-1880-7737,28,63,169
6771-1880-7737,29,43,122
6771-1880-7737,30,28,81
6771-1880-7737,31,38,78
6771-1880-7737,32,43,82
6771-1880-7737,33,30,68
6771-1880-7737,34,43,72
6771-1880-7737,35,47,69
6771-1880-7737,36,30,86
6771-1880-7737,37,41,75
6771-1880-7737,38,41,58
6771-1880-7737,39,49,104
6771-1880-7737,40,49,120
6771-1880-7737,41,62,145
6771-1880-7737,42,70,150
6771-1880-7737,43,65,154
6771-1880-7737,44,70,145
6771-1880-7737,45,64,176
6771-1880-7737,46,77,204
6771-1880-7737,47,83,177
6771-1880-7737,48,79,181
6771-1880-7737,49,83,145
6771-1880-7737,50,81,132
6771-1880-7737,51,80,137
6771-1880-7737,52,67,141
6771-1880-7737,53,52,128
6771-1880-7737,54,30,69
6771-1880-7737,55,20,58
6771-1880-7737,56,23,82
6771-1880-7737,57,23,79
6771-1880-7737,58,8,21
6771-1880-7737,59,,
6771-1880-7737,60,17,39
6771-1880-7737,61,38,74
6771-1880-7737,62,44,143
6771-1880-7737,63,70,149
6771-1880-7737,64,63,148
6771-1880-7737,65,48,163
6771-1880-7737,66,51,94
6771-1880-7737,67,55,126
6771-1880-7737,68,69,199
6771-1880-7737,69,67,149
6771-1880-7737,70,61,153
6771-1880-7737,71,66,161
6771-1880-7737,72,59,153
6771-1880-7737,73,62,137
6771-1880-7737,74,57,147
6771-1880-7737,75,60,258
6771-1880-7737,76,66,238
6771-1880-7737,77,68,133
6771-1880-7737,78,62,118
6771-1880-7737,79,41,112
6771-1880-7737,80,24,56
6771-1880-7737,81,8,31
6771-1880-7737,82,12,19
6771-1880-7737,83,26,58
6771-1880-7737,84,38,101
6771-1880-7737,85,48,107
6771-1880-7737,86,60,129
6771-1880-7737,87,55,111
6771-1880-7737,88,54,117
6771-1880-7737,89,36,106
6771-1880-7737,90,34,69
6771-1880-7737,91,52,128
6771-1880-7737,92,67,152
6771-1880-7737,93,69,194
6771-1880-7737,94,88,239
6771-1880-7737,95,50,184
6771-1880-7737,96,39,134
6771-1880-7737,97,46,132
6771-1880-7737,98,48,128
6771-1880-7737,99,58,156
6771-1880-7737,100,58,155
6771-1880-7737,101,52,135
6771-1880-7737,102,41,160
6771-1880-7737,103,40,113
6771-1880-7737,104,30,94
6771-1880-7737,105,18,106
6771-1880-7737,106,22,67
6771-1880-7737,107,34,94
6771-1880-7737,108,42,83
6771-1880-7737,109,43,97
6771-1880-7737,110,46,135
6771-1880-7737,111,52,156
6771-1880-7737,112,75,113
6771-1880-7737,113,68,139
6771-1880-7737,114,61,110
6771-1880-7737,115,65,114
6771-1880-7737,116,52,148
6771-1880-7737,117,60,162
6771-1880-7737,118,57,181
6771-1880-7737,119,55,134
6771-1880-7737,120,57,138
6771-1880-7737,121,42,132
6771-1880-7737,122,50,121
6771-1880-7737,123,58,99
6771-1880-7737,124,46,85
6771-1880-7737,125,41,110
6771-1880-7737,126,42,122
6771-1880-7737,127,44,98
6771-1880-7737,128,44,122
6771-1880-7737,129,39,98
6771-1880-7737,130,49,98
6771-1880-7737,131,51,102
6771-1880-7737,132,21,14
6771-1880-7737,133,,
6771-1880-7737,134,33,54
6771-1880-7737,135,45,112
6771-1880-7737,136,65,106
6771-1880-7737,137,76,197
6771-1880-7737,138,70,182
6771-1880-7737,139,67,147
6771-1880-7737,140,60,147
6771-1880-7737,141,81,175
6771-1880-7737,142,78,235
6771-1880-7737,143,85,145
