stage,code,first_seen,measured_to,points,peak_ccu,peak_at,pickup_at,hours_to_pickup,plays,minutes_played,favorites,recommendations,unique_players,avg_minutes,d1,d7,best_rank,best_rank_genre
24,5685-9016-0182,2026-09-25T19:03:58Z,2026-09-26T19:03:58Z,0,,,,,,,,,,,,,,
24,9740-8000-5983,2026-09-25T19:36:05Z,2026-09-26T19:36:05Z,0,,,,,,,,,,,,,,
24,9919-1054-9272,2026-09-25T19:36:05Z,2026-09-26T19:36:05Z,4,19,2026-09-26T02:40:00Z,,,43,355,7,1,,,,,,
24,0431-1793-0606,2026-09-25T19:36:05Z,2026-09-26T19:36:05Z,0,,,,,,,,,,,,,,
24,2897-9327-6700,2026-09-25T19:36:05Z,2026-09-26T19:36:05Z,0,,,,,,,,,,,,,,
24,0256-1067-5136,2026-09-25T19:36:05Z,2026-09-26T19:36:05Z,3,9,2026-09-26T02:10:00Z,,,17,131,1,0,,,,,,
24,5551-4414-7517,2026-09-25T19:36:05Z,2026-09-26T19:36:05Z,0,,,,,,,,,,,,,,
24,6278-1703-9075,2026-09-25T19:36:05Z,2026-09-26T19:36:05Z,0,,,,,,,,,,,,,,
24,4332-3141-6967,2026-09-25T19:36:05Z,2026-09-26T19:36:05Z,0,,,,,,,,,,,,,,
24,0236-7576-3252,2026-09-25T19:36:05Z,2026-09-26T19:36:05Z,4,33,2026-09-26T03:10:00Z,,,67,607,8,0,,,,,,
24,3771-9402-4653,2026-09-25T19:36:05Z,2026-09-26T19:36:05Z,0,,,,,,,,,,,,,,
24,8012-7822-4887,2026-09-25T19:36:05Z,2026-09-26T19:36:05Z,0,,,,,,,,,,,,,,
24,5341-2894-6624,2026-09-25T19:36:05Z,2026-09-26T19:36:05Z,102,70,2026-09-26T15:00:00Z,,,1982,15841,219,6,,,,,,
24,4583-0672-3779,2026-09-25T19:36:05Z,2026-09-26T19:36:05Z,0,,,,,,,,,,,,,,
24,7165-4383-7978,2026-09-25T19:36:05Z,2026-09-26T19:36:05Z,2,6,2026-09-26T14:50:00Z,,,4,101,0,0,,,,,,
24,0365-0829-5859,2026-09-25T19:36:05Z,2026-09-26T19:36:05Z,0,,,,,,,,,,,,,,
24,8444-3773-7846,2026-09-25T19:36:05Z,2026-09-26T19:36:05Z,8,62,2026-09-26T18:40:00Z,2026-09-26T18:30:00Z,22.9,131,1611,7,0,,,,,,
24,0452-3941-9382,2026-09-25T19:43:15Z,2026-09-26T19:43:15Z,0,,,,,,,,,,,,,,
24,2567-9436-2583,2026-09-25T19:43:15Z,2026-09-26T19:43:15Z,25,313,2026-09-26T10:20:00Z,2026-09-26T10:10:00Z,14.45,624,9971,16,1,,,,,,
24,1972-6697-2782,2026-09-25T19:43:15Z,2026-09-26T19:43:15Z,0,,,,,,,,,,,,,,
24,9078-6941-6813,2026-09-25T19:43:15Z,2026-09-26T19:43:15Z,0,,,,,,,,,,,,,,
24,2467-4883-8973,2026-09-25T19:49:13Z,2026-09-26T19:49:13Z,0,,,,,,,,,,,,,,
24,9028-6059-5313,2026-09-25T19:49:13Z,2026-09-26T19:49:13Z,12,63,2026-09-25T22:40:00Z,,,287,2477,8,0,,,,,,
24,7054-3169-5128,2026-09-25T19:56:41Z,2026-09-26T19:56:41Z,21,142,2026-09-26T07:10:00Z,2026-09-26T07:00:00Z,11.06,277,5220,13,5,,,,,,
24,7258-0701-5309,2026-09-25T19:56:41Z,2026-09-26T19:56:41Z,9,37,2026-09-26T04:00:00Z,,,64,797,5,0,,,,,,
24,0452-7965-9408,2026-09-25T19:56:41Z,2026-09-26T19:56:41Z,11,80,2026-09-26T13:50:00Z,,,281,2586,13,0,,,,,,
24,2017-0189-3226,2026-09-25T19:56:41Z,2026-09-26T19:56:41Z,0,,,,,,,,,,,,,,
24,0555-4320-2692,2026-09-25T19:56:41Z,2026-09-26T19:56:41Z,0,,,,,,,,,,,,,,
24,0766-0296-2494,2026-09-25T19:56:41Z,2026-09-26T19:56:41Z,0,,,,,,,,,,,,,,
24,8513-3342-0503,2026-09-25T19:56:41Z,2026-09-26T19:56:41Z,0,,,,,,,,,,,,,,
24,8454-8544-2924,2026-09-25T19:56:41Z,2026-09-26T19:56:41Z,0,,,,,,,,,,,,,,
24,7583-3589-8419,2026-09-25T19:56:41Z,2026-09-26T19:56:41Z,4,6,2026-09-25T20:10:00Z,,,6,180,0,0,,,,,,
24,2397-0062-3262,2026-09-25T19:56:41Z,2026-09-26T19:56:41Z,0,,,,,,,,,,,,,,
24,2602-0193-1605,2026-09-25T19:56:41Z,2026-09-26T19:56:41Z,133,40,2026-09-26T19:40:00Z,,,1604,19751,63,7,,,,,,
24,3102-3167-9407,2026-09-25T19:56:41Z,2026-09-26T19:56:41Z,0,,,,,,,,,,,,,,
24,4255-5956-2529,2026-09-25T19:56:41Z,2026-09-26T19:56:41Z,0,,,,,,,,,,,,,,
24,6771-1880-7737,2026-09-25T19:56:41Z,2026-09-26T19:56:41Z,145,85,2026-09-25T22:10:00Z,,,3817,69573,25,1,,,,,,
24,4593-6132-9347,2026-09-25T22:16:33Z,2026-09-26T22:16:33Z,0,,,,,,,,,,,,,,
24,2546-3852-5714,2026-09-25T22:16:33Z,2026-09-26T22:16:33Z,12,272,2026-09-26T17:40:00Z,2026-09-26T17:30:00Z,19.22,448,7180,8,0,,,,,,
24,9573-1875-1074,2026-09-25T22:16:33Z,2026-09-26T22:16:33Z,3,11,2026-09-26T13:50:00Z,,,29,161,4,0,,,,,,
24,9213-7921-2293,2026-09-25T22:16:33Z,2026-09-26T22:16:33Z,3,10,2026-09-26T18:40:00Z,,,10,148,2,0,,,,,,
24,9882-3017-4149,2026-09-25T22:16:33Z,2026-09-26T22:16:33Z,5,64,2026-09-26T15:50:00Z,,,184,961,6,1,,,,,,
24,5330-8922-8849,2026-09-25T22:16:33Z,2026-09-26T22:16:33Z,14,235,2026-09-26T12:50:00Z,2026-09-26T12:40:00Z,14.39,427,7256,19,1,,,,,,
24,8709-0492-0855,2026-09-25T22:16:33Z,2026-09-26T22:16:33Z,0,,,,,,,,,,,,,,
24,5240-4296-1271,2026-09-25T22:16:33Z,2026-09-26T22:16:33Z,19,131,2026-09-26T14:50:00Z,2026-09-26T14:40:00Z,16.39,303,4102,16,0,,,,,,
24,1960-7743-5633,2026-09-25T22:16:33Z,2026-09-26T22:16:33Z,7,151,2026-09-26T15:40:00Z,2026-09-26T15:30:00Z,17.22,304,3099,9,0,,,,,,
24,9970-6964-0967,2026-09-25T22:16:33Z,2026-09-26T22:16:33Z,0,,,,,,,,,,,,,,
24,6394-3225-7680,2026-09-25T22:16:33Z,2026-09-26T22:16:33Z,0,,,,,,,,,,,,,,
24,6750-2497-6978,2026-09-25T22:16:33Z,2026-09-26T22:16:33Z,4,7,2026-09-26T15:00:00Z,,,7,182,1,0,,,,,,
24,5305-8196-3702,2026-09-25T22:16:33Z,2026-09-26T22:16:33Z,0,,,,,,,,,,,,,,
24,2336-0899-0416,2026-09-25T22:16:33Z,2026-09-26T22:16:33Z,6,6,2026-09-25T22:20:00Z,,,21,161,1,0,,,,,,
24,3105-2367-5004,2026-09-25T22:16:33Z,2026-09-26T22:16:33Z,0,,,,,,,,,,,,,,
24,5960-9705-8108,2026-09-25T22:16:33Z,2026-09-26T22:16:33Z,1,4,2026-09-26T18:50:00Z,,,5,19,1,0,,,,,,
24,3738-2871-5577,2026-09-25T22:16:33Z,2026-09-26T22:16:33Z,7,108,2026-09-26T18:20:00Z,2026-09-26T18:10:00Z,19.89,175,2194,5,0,,,,,,
24,7341-5984-8560,2026-09-25T22:16:33Z,2026-09-26T22:16:33Z,0,,,,,,,,,,,,,,
24,0600-1404-0158,2026-09-25T22:16:33Z,2026-09-26T22:16:33Z,0,,,,,,,,,,,,,,
24,4382-7452-6587,2026-09-25T22:16:33Z,2026-09-26T22:16:33Z,80,316,2026-09-26T16:30:00Z,2026-09-26T16:10:00Z,17.89,1364,38472,114,7,,,,,,
24,9995-6724-3823,2026-09-25T22:16:33Z,2026-09-26T22:16:33Z,9,70,2026-09-26T14:50:00Z,,,142,1978,4,0,,,,,,
24,6719-9402-7106,2026-09-25T22:16:33Z,2026-09-26T22:16:33Z,4,10,2026-09-26T13:50:00Z,,,33,175,10,1,,,,,,
24,2502-2981-2593,2026-09-25T22:16:33Z,2026-09-26T22:16:33Z,0,,,,,,,,,,,,,,
24,3828-3330-1889,2026-09-25T22:16:33Z,2026-09-26T22:16:33Z,5,36,2026-09-26T19:00:00Z,,,157,875,12,1,,,,,,
24,8589-0795-0260,2026-09-25T22:16:33Z,2026-09-26T22:16:33Z,4,27,2026-09-26T15:50:00Z,,,69,461,2,0,,,,,,
24,9327-2542-7348,2026-09-25T22:16:33Z,2026-09-26T22:16:33Z,2,9,2026-09-26T16:00:00Z,,,25,145,6,0,,,,,,
24,6881-0014-8411,2026-09-25T22:16:33Z,2026-09-26T22:16:33Z,0,,,,,,,,,,,,,,
24,5383-2731-8506,2026-09-25T22:16:33Z,2026-09-26T22:16:33Z,134,30,2026-09-25T22:50:00Z,,,719,14668,120,7,,,,,,
24,9432-2622-5070,2026-09-25T22:16:33Z,2026-09-26T22:16:33Z,0,,,,,,,,,,,,,,
24,7610-2373-7978,2026-09-25T22:16:33Z,2026-09-26T22:16:33Z,11,163,2026-09-26T17:50:00Z,2026-09-26T17:40:00Z,19.39,501,3164,13,1,,,,,,
24,1547-6188-8470,2026-09-25T22:16:33Z,2026-09-26T22:16:33Z,4,13,2026-09-26T17:10:00Z,,,22,188,2,0,,,,,,
24,8193-8050-6803,2026-09-25T22:16:33Z,2026-09-26T22:16:33Z,0,,,,,,,,,,,,,,
24,9125-7128-0659,2026-09-25T22:16:33Z,2026-09-26T22:16:33Z,145,78,2026-09-26T14:40:00Z,2026-09-25T22:10:00Z,0.0,2052,53118,299,52,,,,,,
24,1536-8374-5673,2026-09-25T22:16:33Z,2026-09-26T22:16:33Z,0,,,,,,,,,,,,,,
24,5089-4365-2935,2026-09-25T22:16:33Z,2026-09-26T22:16:33Z,8,176,2026-09-26T14:50:00Z,2026-09-26T14:30:00Z,16.22,367,5060,11,1,,,,,,
24,7892-3589-9902,2026-09-25T22:16:33Z,2026-09-26T22:16:33Z,117,101,2026-09-26T13:00:00Z,,,550,15058,60,8,,,,,,
24,0821-8201-5819,2026-09-25T22:16:33Z,2026-09-26T22:16:33Z,4,25,2026-09-26T15:20:00Z,,,74,442,9,1,,,,,,
24,6938-8952-9357,2026-09-25T22:16:33Z,2026-09-26T22:16:33Z,0,,,,,,,,,,,,,,
24,5134-6365-2773,2026-09-25T22:16:33Z,2026-09-26T22:16:33Z,3,19,2026-09-26T15:10:00Z,,,45,276,5,0,,,,,,
24,7444-8346-8814,2026-09-25T22:16:33Z,2026-09-26T22:16:33Z,0,,,,,,,,,,,,,,
24,2872-1251-7608,2026-09-25T22:16:33Z,2026-09-26T22:16:33Z,17,95,2026-09-26T19:10:00Z,2026-09-26T18:30:00Z,20.22,269,5080,22,2,,,,,,
24,6818-5714-0171,2026-09-25T22:16:33Z,2026-09-26T22:16:33Z,0,,,,,,,,,,,,,,
24,1575-8827-1614,2026-09-25T22:16:33Z,2026-09-26T22:16:33Z,1,5,2026-09-26T20:20:00Z,,,5,16,0,0,,,,,,
24,4608-9743-7915,2026-09-25T22:16:33Z,2026-09-26T22:16:33Z,0,,,,,,,,,,,,,,
24,6561-7469-4149,2026-09-25T22:16:33Z,2026-09-26T22:16:33Z,0,,,,,,,,,,,,,,
24,2504-4185-7700,2026-09-25T22:16:33Z,2026-09-26T22:16:33Z,7,52,2026-09-26T11:50:00Z,,,88,1357,3,0,,,,,,
24,0418-5391-9608,2026-09-25T22:16:33Z,2026-09-26T22:16:33Z,2,38,2026-09-26T08:00:00Z,,,102,467,2,0,,,,,,
24,1886-8303-8109,2026-09-25T22:16:33Z,2026-09-26T22:16:33Z,0,,,,,,,,,,,,,,
24,2388-3265-3637,2026-09-25T22:16:33Z,2026-09-26T22:16:33Z,0,,,,,,,,,,,,,,
24,5223-5779-1506,2026-09-25T22:16:33Z,2026-09-26T22:16:33Z,0,,,,,,,,,,,,,,
24,8188-4346-5724,2026-09-25T22:16:33Z,2026-09-26T22:16:33Z,0,,,,,,,,,,,,,,
24,2358-9875-8092,2026-09-25T22:16:33Z,2026-09-26T22:16:33Z,5,18,2026-09-25T22:30:00Z,,,38,342,4,0,,,,,,
24,0265-4831-5954,2026-09-25T22:16:33Z,2026-09-26T22:16:33Z,0,,,,,,,,,,,,,,
24,7365-1314-2144,2026-09-25T22:16:33Z,2026-09-26T22:16:33Z,5,52,2026-09-26T04:10:00Z,,,162,1156,8,0,,,,,,
24,9442-4845-8140,2026-09-25T22:16:33Z,2026-09-26T22:16:33Z,4,23,2026-09-26T14:50:00Z,,,87,466,11,0,,,,,,
24,8821-0716-2493,2026-09-25T22:16:33Z,2026-09-26T22:16:33Z,8,17,2026-09-26T12:40:00Z,,,55,540,4,0,,,,,,
24,3526-7336-8757,2026-09-25T22:16:33Z,2026-09-26T22:16:33Z,70,302,2026-09-26T13:40:00Z,2026-09-26T13:30:00Z,15.22,1304,20954,40,7,,,,,,
24,1798-5412-4756,2026-09-25T22:16:33Z,2026-09-26T22:16:33Z,0,,,,,,,,,,,,,,
24,5187-4793-0480,2026-09-25T22:16:33Z,2026-09-26T22:16:33Z,4,15,2026-09-26T12:00:00Z,,,47,225,2,0,,,,,,
24,7861-3333-2705,2026-09-25T22:16:33Z,2026-09-26T22:16:33Z,6,24,2026-09-26T14:00:00Z,,,70,608,10,0,,,,,,
