at,code,kind,age_hours,ccu_before,ccu_after
2026-09-24T20:00:00Z,2312-3096-3140,established,,28,141
2026-09-24T03:00:00Z,9563-8257-0848,established,,29,129
2026-09-25T17:00:00Z,7155-7218-9044,established,,10,90
2026-09-24T09:00:00Z,0961-8141-8252,established,,10,50
2026-09-25T11:00:00Z,2081-7136-6647,established,,9,198
2026-09-24T22:00:00Z,4408-6119-0091,established,,28,159
2026-09-24T20:00:00Z,7893-9546-9714,established,,5,52
2026-09-25T12:00:00Z,2972-5862-8877,established,,5,83
2026-09-24T00:00:00Z,8406-4338-3879,established,,6,64
2026-09-25T09:00:00Z,1238-8921-8903,established,,7,51
2026-09-24T13:00:00Z,6498-8428-1904,established,,8,79
2026-09-24T06:00:00Z,6262-5743-9849,established,,21,100
2026-09-25T13:00:00Z,3837-9636-9505,established,,21,145
2026-09-25T17:00:00Z,3791-0891-9328,established,,63,262
2026-09-24T19:00:00Z,3545-3671-1669,established,,10,85
2026-09-24T13:00:00Z,5519-4226-1471,established,,15,137
2026-09-25T00:00:00Z,1023-3077-5427,established,,0,89
2026-09-23T23:00:00Z,5494-8930-2057,established,,9,55
2026-09-25T13:00:00Z,6821-1481-6945,established,,8,52
2026-09-25T16:00:00Z,5195-8348-6059,established,,14,73
2026-09-25T11:00:00Z,6786-0537-1526,established,,9,141
2026-09-24T22:00:00Z,8089-0616-8914,established,,16,81
2026-09-24T20:00:00Z,1653-1671-8190,established,,21,256
2026-09-24T18:00:00Z,5134-7238-5229,established,,25,212
2026-09-24T00:00:00Z,1689-2986-4337,established,,45,185
2026-09-25T17:00:00Z,1640-0097-7728,established,,35,208
2026-09-24T16:00:00Z,7965-9617-6749,established,,5,182
2026-09-25T13:00:00Z,7965-9617-6749,established,,8,90
2026-09-25T19:00:00Z,7965-9617-6749,established,,29,275
2026-09-25T19:00:00Z,7813-2163-9923,established,,27,117
2026-09-24T08:00:00Z,7343-7466-0021,established,,15,152
2026-09-25T05:00:00Z,8264-5043-0269,established,,7,110
2026-09-25T17:00:00Z,5186-2785-2420,established,,14,301
2026-09-25T06:00:00Z,7302-9658-2250,established,,7,78
2026-09-23T23:00:00Z,9597-0169-1395,established,,6,182
2026-09-25T05:00:00Z,5031-0762-3451,established,,5,60
2026-09-25T17:00:00Z,8446-8259-4203,established,,19,87
2026-09-25T09:00:00Z,5771-7713-1647,established,,20,177
2026-09-24T23:00:00Z,7376-0131-3643,established,,15,97
2026-09-24T14:00:00Z,6421-2254-5192,established,,29,353
2026-09-25T15:00:00Z,6489-0263-4328,established,,20,207
2026-09-24T12:00:00Z,6795-1222-8061,established,,0,56
2026-09-24T15:00:00Z,1530-4675-1549,established,,13,124
2026-09-25T03:00:00Z,2218-0078-6074,established,,22,130
2026-09-24T09:00:00Z,8444-6147-5832,established,,7,136
2026-09-25T05:00:00Z,9434-2372-4329,established,,2,50
2026-09-24T12:00:00Z,9752-8032-8351,established,,17,68
2026-09-25T14:00:00Z,7780-4361-8500,established,,18,104
2026-09-25T16:00:00Z,3791-7587-4489,established,,13,206
2026-09-25T14:00:00Z,1796-8315-5749,established,,10,279
2026-09-25T02:00:00Z,2249-6983-6618,established,,4,105
2026-09-24T18:00:00Z,6592-6642-4245,established,,20,148
2026-09-25T07:00:00Z,5563-8203-4742,established,,6,87
2026-09-24T23:00:00Z,2404-7138-9724,established,,26,304
2026-09-24T01:00:00Z,7366-8169-5517,established,,16,98
2026-09-24T11:00:00Z,4393-9327-4108,established,,8,53
2026-09-24T10:00:00Z,8061-0052-3042,established,,0,71
2026-09-25T13:00:00Z,8061-0052-3042,established,,0,69
2026-09-24T09:00:00Z,3205-1110-0916,established,,18,166
2026-09-25T08:00:00Z,0876-5388-0450,established,,20,101
2026-09-24T14:00:00Z,7674-6269-3186,established,,11,76
2026-09-24T01:00:00Z,5808-8345-9483,established,,13,77
2026-09-24T10:00:00Z,2977-8990-0614,established,,8,97
2026-09-24T16:00:00Z,7475-8358-2749,established,,11,310
2026-09-24T23:00:00Z,7475-8358-2749,established,,25,289
2026-09-25T10:00:00Z,7475-8358-2749,established,,22,149
2026-09-24T17:00:00Z,0445-6942-4358,established,,33,132
2026-09-25T13:00:00Z,9310-5436-6805,established,,0,52
2026-09-24T18:00:00Z,4045-3882-9291,established,,2,88
2026-09-24T20:00:00Z,9279-8405-0866,established,,17,118
2026-09-24T23:00:00Z,9420-7562-0714,established,,22,179
2026-09-24T16:00:00Z,9741-8550-6136,established,,6,124
2026-09-24T11:00:00Z,6000-1014-2052,established,,0,80
2026-09-25T13:00:00Z,2943-1133-1626,established,,14,142
2026-09-25T10:00:00Z,2413-2126-7206,established,,9,160
2026-09-24T22:00:00Z,3928-9721-1307,established,,11,156
2026-09-24T12:00:00Z,5959-8994-1493,established,,14,263
2026-09-24T19:00:00Z,3411-1131-2813,established,,21,86
2026-09-25T07:00:00Z,3411-1131-2813,established,,14,66
2026-09-25T20:00:00Z,1239-8462-4781,established,,0,69
2026-09-24T02:00:00Z,7286-8059-3994,established,,10,61
2026-09-24T18:00:00Z,7286-8059-3994,established,,12,78
2026-09-25T16:00:00Z,7286-8059-3994,established,,15,82
2026-09-25T12:00:00Z,8176-2992-2308,established,,19,97
2026-09-25T16:00:00Z,9950-7587-7979,established,,4,144
2026-09-25T12:00:00Z,6893-4774-9361,established,,0,80
2026-09-25T12:00:00Z,6004-8319-5546,established,,13,53
2026-09-25T01:00:00Z,6971-7082-4559,established,,9,52
2026-09-24T13:00:00Z,3680-5860-0517,established,,20,96
2026-09-24T19:00:00Z,3680-5860-0517,established,,17,78
2026-09-25T22:10:00Z,9125-7128-0659,launch,-0.11,0,55
2026-09-25T08:00:00Z,9068-7545-0801,established,,11,126
2026-09-24T17:00:00Z,3406-1456-3360,established,,21,167
2026-09-25T09:00:00Z,9896-9834-3240,established,,14,109
2026-09-25T02:00:00Z,8709-8583-0231,established,,19,93
2026-09-25T04:00:00Z,9525-2043-3889,established,,34,150
2026-09-25T15:00:00Z,7076-0762-4255,established,,7,212
2026-09-25T08:00:00Z,8003-9490-4106,established,,7,68
2026-09-24T08:00:00Z,4143-6325-0507,established,,0,56
2026-09-24T21:00:00Z,4143-6325-0507,established,,0,128
2026-09-24T09:00:00Z,3459-4488-0263,established,,12,217
2026-09-26T00:40:00Z,5832-5810-8828,launch,-0.03,0,286
2026-09-24T12:00:00Z,6337-5503-8096,established,,13,276
2026-09-25T18:00:00Z,7168-3684-6171,established,,24,166
2026-09-25T07:00:00Z,3106-4774-7403,established,,7,140
2026-09-25T14:00:00Z,9358-9858-9724,established,,0,74
2026-09-24T23:00:00Z,6792-2534-2918,established,,0,68
2026-09-25T23:00:00Z,5251-5472-1664,established,,17,314
2026-09-25T22:00:00Z,2312-3096-3140,established,,38,194
2026-09-26T00:00:00Z,0139-8551-5744,established,,30,195
2026-09-25T19:00:00Z,0342-9116-8723,established,,34,383
2026-09-26T08:00:00Z,3837-9636-9505,established,,11,89
2026-09-26T02:00:00Z,6122-7960-7993,established,,43,186
2026-09-25T20:00:00Z,0457-9349-1892,established,,30,140
2026-09-26T04:00:00Z,0376-5540-5501,established,,22,175
2026-09-26T02:00:00Z,1023-3077-5427,established,,0,82
2026-09-26T13:10:00Z,2246-6654-4478,launch,7.55,0,142
2026-09-26T12:00:00Z,2995-2445-9922,launch,6.38,12,133
2026-09-26T12:00:00Z,6541-3012-7827,launch,6.38,33,214
2026-09-26T12:30:00Z,8068-8685-3399,launch,6.88,5,198
2026-09-26T13:50:00Z,1767-7078-7925,launch,8.21,0,79
2026-09-26T12:10:00Z,2965-2962-7997,launch,1.84,7,64
2026-09-26T13:50:00Z,5101-4732-7859,launch,3.5,0,97
2026-09-26T13:50:00Z,0693-5455-9406,launch,3.5,0,154
2026-09-26T10:10:00Z,5131-0003-8428,launch,-0.16,0,51
2026-09-26T13:40:00Z,2218-8963-2047,launch,3.34,0,211
2026-09-26T06:00:00Z,1998-6055-3199,established,,6,50
2026-09-26T02:00:00Z,9563-8257-0848,established,,47,513
2026-09-26T01:00:00Z,1654-7479-6688,established,,41,535
2026-09-26T03:00:00Z,5469-6704-8471,established,,35,261
2026-09-26T00:00:00Z,0960-0671-7810,established,,36,153
2026-09-26T00:00:00Z,7965-9617-6749,established,,34,327
2026-09-26T08:00:00Z,7965-9617-6749,established,,23,381
2026-09-26T12:00:00Z,7664-6686-7406,established,,9,54
2026-09-25T20:00:00Z,9751-4140-1451,established,,5,61
2026-09-26T10:00:00Z,7343-7466-0021,established,,29,209
2026-09-26T11:00:00Z,0914-6913-3955,established,,8,296
2026-09-26T15:30:00Z,9598-1114-2470,launch,5.17,0,236
2026-09-26T16:30:00Z,4370-6106-6934,launch,6.17,6,295
2026-09-26T17:00:00Z,6760-4744-3409,launch,2.39,0,112
2026-09-26T16:30:00Z,1899-6216-2627,launch,1.89,0,105
2026-09-26T17:30:00Z,2646-7870-3824,launch,2.89,17,124
2026-09-26T14:30:00Z,9391-3698-0921,launch,-0.11,0,114
2026-09-26T15:40:00Z,0754-8143-9829,launch,1.06,0,108
2026-09-26T14:40:00Z,3715-6277-2925,launch,0.06,0,75
2026-09-26T14:30:00Z,0664-8336-7026,launch,-0.11,0,90
2026-09-26T17:30:00Z,6676-6149-5518,launch,2.89,14,241
2026-09-26T14:30:00Z,5641-4329-7295,launch,-0.11,0,625
2026-09-25T21:00:00Z,6042-7530-2075,established,,17,354
2026-09-26T06:00:00Z,1201-4025-5610,established,,11,51
2026-09-25T20:00:00Z,4097-0387-9264,established,,28,212
2026-09-26T02:00:00Z,4792-9643-5878,established,,47,264
2026-09-25T21:00:00Z,5273-6431-9679,established,,10,80
2026-09-26T08:00:00Z,3237-5036-7149,established,,8,83
2026-09-25T23:00:00Z,4471-6847-2060,established,,28,302
2026-09-26T13:00:00Z,9112-1061-3270,established,,6,64
2026-09-25T22:00:00Z,4040-1657-7028,established,,15,305
2026-09-26T07:00:00Z,7078-8715-0071,established,,13,74
2026-09-26T09:00:00Z,9752-8032-8351,established,,21,218
2026-09-26T18:30:00Z,8444-3773-7846,launch,22.9,9,57
2026-09-26T10:10:00Z,2567-9436-2583,launch,14.45,0,145
2026-09-26T07:00:00Z,7054-3169-5128,launch,11.06,0,72
2026-09-26T20:00:00Z,8058-3017-8885,launch,5.39,0,227
2026-09-26T18:40:00Z,7049-5215-1480,launch,4.06,7,54
2026-09-26T19:00:00Z,1236-1983-1850,launch,4.39,8,120
2026-09-26T19:50:00Z,7088-4907-9408,launch,5.23,38,205
2026-09-26T20:30:00Z,9135-5949-5158,launch,2.47,0,147
2026-09-26T20:00:00Z,2557-7189-5388,launch,1.97,0,52
2026-09-26T18:00:00Z,9936-6526-6822,launch,-0.03,0,72
2026-09-26T20:20:00Z,8204-8434-0745,launch,2.3,4,65
2026-09-25T19:00:00Z,1524-2991-0978,established,,9,72
2026-09-26T19:00:00Z,1524-2991-0978,established,,10,59
2026-09-26T13:00:00Z,6592-6642-4245,established,,48,627
2026-09-26T06:00:00Z,0310-2741-8279,established,,26,216
2026-09-26T16:00:00Z,9987-5235-9618,established,,18,113
2026-09-26T17:30:00Z,2546-3852-5714,launch,19.22,10,206
2026-09-26T12:40:00Z,5330-8922-8849,launch,14.39,0,77
2026-09-26T14:40:00Z,5240-4296-1271,launch,16.39,0,57
2026-09-26T15:30:00Z,1960-7743-5633,launch,17.22,2,96
2026-09-26T18:10:00Z,3738-2871-5577,launch,19.89,0,56
2026-09-26T16:10:00Z,4382-7452-6587,launch,17.89,26,144
2026-09-26T17:40:00Z,7610-2373-7978,launch,19.39,0,125
2026-09-26T14:30:00Z,5089-4365-2935,launch,16.22,0,62
2026-09-26T18:30:00Z,2872-1251-7608,launch,20.22,16,86
2026-09-26T13:30:00Z,3526-7336-8757,launch,15.22,24,252
2026-09-26T22:40:00Z,3024-4313-9195,launch,1.59,0,88
2026-09-26T22:30:00Z,1257-7419-6549,launch,1.42,9,54
2026-09-26T21:00:00Z,4590-2874-3408,launch,-0.08,0,64
2026-09-26T22:30:00Z,5253-8834-2629,launch,1.42,22,135
2026-09-26T22:00:00Z,1357-4773-9261,launch,0.92,7,69
2026-09-26T21:00:00Z,7186-9811-5686,launch,-0.08,0,97
2026-09-26T21:00:00Z,3817-3711-0977,launch,-0.08,0,81
2026-09-26T21:00:00Z,2898-7886-8847,launch,-0.08,0,7991
2026-09-26T18:00:00Z,9894-4690-8594,established,,30,229
2026-09-26T10:00:00Z,8061-0052-3042,established,,0,87
2026-09-25T21:00:00Z,0049-5059-6899,established,,21,212
2026-09-25T21:00:00Z,7475-8358-2749,established,,34,276
2026-09-26T13:00:00Z,9310-5436-6805,established,,0,73
2026-09-25T23:00:00Z,4045-3882-9291,established,,6,63
2026-09-26T17:00:00Z,9397-0500-5364,established,,26,160
2026-09-26T18:00:00Z,7893-9546-9714,established,,7,54
2026-09-26T04:00:00Z,0557-8825-3195,established,,19,92
2026-09-26T16:00:00Z,0557-8825-3195,established,,24,105
2026-09-26T13:00:00Z,2566-3770-2836,established,,21,456
2026-09-26T15:00:00Z,7960-0143-4737,launch,14.3,0,56
2026-09-26T15:30:00Z,9038-2849-8241,launch,14.8,1,100
2026-09-27T00:00:00Z,0147-5530-2454,launch,23.3,0,52
2026-09-26T21:10:00Z,0168-3312-0550,launch,3.13,0,84
2026-09-26T21:00:00Z,6909-1662-7812,launch,2.97,15,133
2026-09-26T21:40:00Z,3119-0871-0618,launch,3.63,0,54
2026-09-26T21:00:00Z,7352-0841-5815,launch,2.97,47,285
2026-09-27T00:00:00Z,3268-8401-5238,launch,5.97,43,183
2026-09-26T22:20:00Z,1221-1374-7084,launch,4.3,0,60
2026-09-27T00:30:00Z,3358-9804-8239,launch,6.47,20,108
2026-09-27T01:30:00Z,3523-7536-1779,launch,1.91,0,59
2026-09-26T09:00:00Z,6000-1014-2052,established,,12,58
2026-09-26T09:00:00Z,3780-9670-5491,established,,19,123
2026-09-25T22:00:00Z,8587-4889-1291,established,,16,237
2026-09-26T00:00:00Z,5473-4322-7315,established,,12,51
2026-09-27T00:00:00Z,5473-4322-7315,established,,15,68
2026-09-25T23:00:00Z,3928-9721-1307,established,,19,165
2026-09-26T15:00:00Z,5176-5289-5324,established,,0,65
2026-09-26T16:00:00Z,3411-1131-2813,established,,24,96
2026-09-26T03:00:00Z,2944-0473-3646,established,,28,224
2026-09-26T19:00:00Z,7286-8059-3994,established,,16,68
2026-09-26T19:00:00Z,8176-2992-2308,established,,14,76
2026-09-26T17:00:00Z,2777-9577-3967,established,,5,138
2026-09-26T22:00:00Z,1975-2264-9250,established,,5,79
2026-09-26T17:10:00Z,5142-9925-5502,launch,11.55,0,135
2026-09-26T17:40:00Z,6058-7060-9350,launch,12.05,6,156
2026-09-26T16:10:00Z,2008-5775-4811,launch,10.55,0,102
2026-09-26T20:40:00Z,8795-7102-2783,launch,15.05,6,95
2026-09-27T07:00:00Z,5571-3560-5606,launch,9.92,19,99
2026-09-27T04:00:00Z,9931-6178-3110,launch,4.41,19,137
2026-09-27T03:20:00Z,3527-1732-1859,launch,3.75,20,107
2026-09-27T02:00:00Z,9444-8425-3787,launch,2.41,0,73
2026-09-27T04:00:00Z,5693-9006-5613,launch,2.21,10,73
2026-09-27T05:10:00Z,9223-7531-5758,launch,3.38,1,61
2026-09-27T04:00:00Z,2876-5474-6727,launch,2.21,8,59
2026-09-25T13:00:00Z,9029-9633-4006,established,,0,53
2026-09-26T18:00:00Z,9029-9633-4006,established,,4,184
2026-09-25T11:00:00Z,8196-4536-7814,established,,0,211
2026-09-26T04:00:00Z,5141-9514-1133,established,,41,192
2026-09-27T03:00:00Z,9069-3327-6421,established,,23,203
2026-09-26T07:00:00Z,6285-3008-0670,established,,10,244
2026-09-25T14:00:00Z,3544-2477-9240,established,,13,72
2026-09-25T16:00:00Z,8424-0608-7805,established,,18,95
2026-09-26T00:00:00Z,9255-5332-2982,established,,0,358
2026-09-25T22:00:00Z,8562-6128-9073,established,,9,338
2026-09-25T19:00:00Z,2699-4456-9074,established,,13,108
2026-09-27T01:00:00Z,2699-4456-9074,established,,9,110
2026-09-26T06:00:00Z,7125-1891-2902,established,,6,166
2026-09-27T00:00:00Z,7125-1891-2902,established,,21,369
2026-09-25T22:00:00Z,2970-6734-5062,established,,21,320
2026-09-27T02:00:00Z,2970-6734-5062,established,,25,180
2026-09-26T04:00:00Z,9920-3213-3598,established,,23,172
2026-09-27T00:00:00Z,3159-4463-1716,established,,17,341
2026-09-26T08:00:00Z,2313-4850-2604,established,,0,71
2026-09-26T23:00:00Z,2313-4850-2604,established,,0,153
2026-09-25T16:00:00Z,1558-9455-0491,established,,13,52
2026-09-26T15:00:00Z,1558-9455-0491,established,,10,52
2026-09-25T20:00:00Z,1709-4458-6849,established,,0,235
2026-09-26T21:00:00Z,4255-2253-6171,established,,11,55
2026-09-26T13:00:00Z,4074-1920-3224,established,,0,255
2026-09-26T00:00:00Z,1547-4087-3808,established,,15,91
2026-09-27T00:00:00Z,1586-1344-2581,established,,48,544
2026-09-26T14:00:00Z,3644-0626-2627,established,,0,436
2026-09-25T14:00:00Z,0564-5971-3067,established,,13,91
2026-09-26T07:00:00Z,0564-5971-3067,established,,24,119
2026-09-25T19:00:00Z,7233-1152-3843,established,,19,141
2026-09-26T15:00:00Z,5582-3337-7633,established,,19,89
2026-09-26T17:00:00Z,7077-9476-7199,established,,19,262
2026-09-27T02:00:00Z,0235-8886-9115,established,,14,408
2026-09-26T12:00:00Z,5044-9181-1815,established,,0,196
2026-09-27T02:00:00Z,5462-4971-4207,established,,0,114
2026-09-25T21:00:00Z,0244-0130-2393,established,,14,181
2026-09-26T03:00:00Z,0244-0130-2393,established,,34,167
2026-09-26T09:00:00Z,0244-0130-2393,established,,16,66
2026-09-27T06:00:00Z,0244-0130-2393,established,,9,122
2026-09-26T11:00:00Z,5495-8568-1486,established,,0,104
2026-09-25T16:00:00Z,1919-6402-2471,established,,0,198
2026-09-26T01:00:00Z,1919-6402-2471,established,,28,185
2026-09-26T23:00:00Z,1064-7372-6370,established,,19,458
2026-09-25T16:00:00Z,9530-3973-5646,established,,11,264
2026-09-27T04:00:00Z,9530-3973-5646,established,,13,272
2026-09-27T00:00:00Z,3145-8605-5515,established,,17,95
2026-09-26T16:00:00Z,0843-6443-7059,established,,8,608
2026-09-25T23:00:00Z,4345-3895-6904,established,,20,108
2026-09-25T12:00:00Z,5374-5444-5889,established,,8,82
2026-09-27T12:20:00Z,7106-4855-5936,launch,26.0,7,59
2026-09-26T19:00:00Z,8014-6563-9561,launch,8.67,0,130
2026-09-26T20:30:00Z,5817-3523-6283,launch,10.17,0,186
2026-09-27T05:00:00Z,1776-2312-4844,launch,18.67,19,105
2026-09-27T12:30:00Z,5509-0612-7206,launch,10.71,0,227
2026-09-27T11:30:00Z,0117-6406-3371,launch,4.3,0,59
2026-09-27T10:10:00Z,6101-0929-7493,launch,2.96,0,96
2026-09-27T08:10:00Z,4849-8344-1192,launch,0.96,11,58
2026-09-27T10:30:00Z,7285-0154-5639,launch,3.3,12,53
2026-09-27T11:40:00Z,7575-2102-3263,launch,4.46,0,86
2026-09-26T13:00:00Z,1864-6011-3581,established,,0,79
2026-09-27T08:00:00Z,1864-6011-3581,established,,0,103
2026-09-26T06:00:00Z,0422-2136-5040,established,,7,88
2026-09-27T07:00:00Z,4697-7617-4615,established,,14,361
2026-09-26T10:00:00Z,8375-3003-2825,established,,9,55
2026-09-26T08:00:00Z,5489-1592-2031,established,,10,86
2026-09-27T09:00:00Z,5489-1592-2031,established,,10,58
2026-09-25T22:00:00Z,5597-0273-6711,established,,8,88
2026-09-26T12:00:00Z,5597-0273-6711,established,,7,178
2026-09-26T19:00:00Z,5597-0273-6711,established,,20,99
2026-09-27T09:00:00Z,5597-0273-6711,established,,20,127
2026-09-25T17:00:00Z,0510-4587-4924,established,,5,89
2026-09-27T09:00:00Z,0510-4587-4924,established,,3,103
2026-09-26T15:00:00Z,7021-3754-6371,established,,13,264
2026-09-27T08:00:00Z,6962-7655-6027,established,,0,61
2026-09-27T08:00:00Z,1367-6964-9691,established,,0,61
2026-09-27T09:00:00Z,0487-7127-3963,established,,21,98
2026-09-27T09:00:00Z,5085-2797-3065,established,,10,135
2026-09-26T00:00:00Z,6215-6637-7394,established,,43,227
2026-09-27T05:00:00Z,8012-4672-8912,established,,22,438
2026-09-26T18:00:00Z,9146-3718-8989,established,,41,177
2026-09-27T08:00:00Z,6874-6269-7852,established,,20,387
2026-09-26T06:00:00Z,9487-7479-9925,established,,8,306
2026-09-26T18:00:00Z,1755-3520-7492,established,,14,76
2026-09-27T12:00:00Z,7533-6515-6182,established,,6,139
2026-09-26T16:00:00Z,0585-1881-4960,established,,24,146
2026-09-26T09:00:00Z,4161-8248-4157,established,,0,200
2026-09-25T21:00:00Z,8112-5647-7250,established,,36,277
2026-09-26T11:00:00Z,8112-5647-7250,established,,19,124
2026-09-26T10:00:00Z,8651-8587-3984,established,,8,208
2026-09-26T19:00:00Z,0359-2997-8578,established,,10,516
2026-09-27T06:00:00Z,3369-9315-7968,established,,18,151
2026-09-26T07:00:00Z,3291-2753-8356,established,,0,67
2026-09-25T22:00:00Z,5420-8439-5699,established,,0,104
2026-09-26T18:00:00Z,5420-8439-5699,established,,18,85
2026-09-26T00:00:00Z,0243-3441-6889,established,,9,148
2026-09-26T20:00:00Z,9840-4694-1648,established,,44,789
2026-09-25T18:00:00Z,8168-1383-1615,established,,0,76
2026-09-26T22:00:00Z,8168-1383-1615,established,,0,58
2026-09-26T18:00:00Z,2436-2062-1192,established,,28,580
2026-09-26T10:00:00Z,3939-8027-8845,established,,0,80
2026-09-25T20:00:00Z,5021-2551-1506,established,,6,96
2026-09-26T11:00:00Z,3406-7850-3741,established,,15,65
2026-09-26T21:30:00Z,2657-5379-6705,launch,6.89,0,212
2026-09-27T16:50:00Z,5422-4444-8175,launch,26.23,30,179
2026-09-27T01:30:00Z,0764-5143-5114,launch,10.89,0,122
2026-09-27T14:00:00Z,2569-1963-6500,launch,23.39,5,215
2026-09-27T14:40:00Z,1602-5220-5112,launch,24.06,0,96
2026-09-27T04:10:00Z,6586-8489-9677,launch,13.56,0,212
2026-09-26T23:10:00Z,6212-7656-9350,launch,8.56,0,102
2026-09-26T22:30:00Z,1569-4465-9172,launch,7.89,15,120
2026-09-27T15:40:00Z,9048-3017-3467,launch,8.46,0,68
2026-09-27T14:10:00Z,3449-6555-6903,launch,6.96,0,75
2026-09-27T14:10:00Z,1446-9687-1747,launch,6.96,0,223
2026-09-27T16:00:00Z,7683-9528-7281,launch,8.8,12,245
2026-09-27T15:30:00Z,6977-8647-3887,launch,2.35,0,57
2026-09-27T16:00:00Z,9013-9419-3032,launch,2.85,6,67
2026-09-27T15:50:00Z,1819-4248-2848,launch,2.69,25,105
2026-09-27T15:10:00Z,8860-3122-1670,launch,2.02,0,87
2026-09-27T16:00:00Z,8541-9974-2452,launch,2.85,2,51
2026-09-27T16:30:00Z,1136-4178-2183,launch,3.35,0,57
2026-09-27T13:00:00Z,1623-5364-8194,launch,-0.15,0,51
2026-09-27T13:00:00Z,2338-7757-5082,launch,-0.15,0,128
2026-09-27T16:30:00Z,7145-0351-0668,launch,3.35,0,149
2026-09-27T13:00:00Z,1974-9744-4019,launch,-0.15,0,58
2026-09-27T15:30:00Z,1686-3685-5239,launch,2.35,0,119
2026-09-27T13:10:00Z,2139-4753-3710,launch,0.02,0,58
2026-09-27T17:10:00Z,0227-2217-1754,launch,4.02,0,169
2026-09-27T11:00:00Z,4381-6694-4751,established,,0,260
2026-09-25T22:00:00Z,6741-4502-4822,established,,5,291
2026-09-27T11:00:00Z,6741-4502-4822,established,,13,212
2026-09-27T00:00:00Z,0894-0835-1050,established,,6,504
2026-09-27T11:00:00Z,7068-5334-2980,established,,4,280
2026-09-26T15:00:00Z,0664-5682-6125,established,,0,169
2026-09-26T21:00:00Z,8443-9447-1929,established,,22,255
2026-09-26T23:00:00Z,4197-8983-1208,established,,0,117
2026-09-27T10:00:00Z,3306-4340-4474,established,,12,242
2026-09-26T09:00:00Z,7708-9877-4225,established,,30,180
2026-09-26T06:00:00Z,6833-1083-1109,established,,5,124
2026-09-26T22:00:00Z,6833-1083-1109,established,,13,104
2026-09-26T07:00:00Z,3803-7180-8295,established,,10,118
2026-09-26T16:00:00Z,1268-1053-0108,established,,41,295
2026-09-26T00:00:00Z,4084-4492-8085,established,,29,1005
2026-09-27T12:00:00Z,4948-5056-8565,established,,0,147
2026-09-26T10:00:00Z,8572-9407-8734,established,,8,146
2026-09-26T10:00:00Z,9520-6452-6901,established,,18,77
2026-09-26T03:00:00Z,9498-8034-4429,established,,29,318
2026-09-27T14:00:00Z,2921-3975-6904,established,,25,786
2026-09-26T13:00:00Z,8047-7766-1250,established,,0,56
2026-09-27T13:00:00Z,8047-7766-1250,established,,0,50
2026-09-26T23:00:00Z,9485-3789-7030,established,,18,208
2026-09-26T23:00:00Z,1799-5631-3731,established,,13,185
2026-09-27T10:00:00Z,3905-6830-3746,established,,20,269
2026-09-27T16:00:00Z,6619-5453-6753,established,,2,372
2026-09-26T14:00:00Z,1773-4475-9718,established,,27,128
2026-09-26T23:00:00Z,1688-1500-0460,established,,0,245
2026-09-27T03:40:00Z,7484-4674-6050,launch,9.63,4,79
2026-09-27T18:00:00Z,5096-4175-1411,launch,23.97,0,67
2026-09-27T09:00:00Z,9443-9657-5902,launch,14.97,5,77
2026-09-27T15:00:00Z,5063-4099-5667,launch,20.97,11,51
2026-09-27T19:10:00Z,3600-4840-9938,launch,6.02,3,113
2026-09-27T19:30:00Z,7058-6863-4678,launch,1.67,0,104
2026-09-27T19:10:00Z,3169-3051-3083,launch,1.33,7,204
2026-09-27T18:50:00Z,7430-1455-5888,launch,1.0,0,50
2026-09-27T19:10:00Z,2761-5478-3630,launch,1.33,4,136
2026-09-27T19:30:00Z,3579-0970-6481,launch,1.67,0,59
2026-09-27T20:00:00Z,5321-8181-6306,launch,2.17,10,94
2026-09-27T19:40:00Z,8931-7041-7728,launch,1.83,0,97
2026-09-27T17:50:00Z,8882-4183-8579,launch,-0.0,0,124
2026-09-27T17:50:00Z,2930-7963-4380,launch,-0.0,0,2000
2026-09-27T15:00:00Z,3417-9866-5983,established,,0,249
2026-09-27T16:00:00Z,1165-1297-7989,established,,0,98
2026-09-27T15:00:00Z,8907-3862-3724,established,,10,139
2026-09-27T15:00:00Z,1897-5995-8217,established,,8,65
2026-09-26T08:00:00Z,0026-8856-0526,established,,0,248
2026-09-27T14:00:00Z,0026-8856-0526,established,,0,50
2026-09-27T16:00:00Z,9542-6143-4713,established,,13,75
2026-09-27T19:00:00Z,8314-6531-4979,established,,22,501
