first_seen,code,title,creator,created_in,category,tags,source
2026-10-01T00:12:37Z,7268-7710-9350,1V1 ZERO DL,zgon,FNC,,1v1,head
2026-10-01T00:12:37Z,1873-4367-6406,UPGRADE 1v1v1,johnnyblueprint,UEFN,,strategy|practice|free for all|pvp,head
2026-10-01T00:12:37Z,0313-6278-6953,1vs1 unrealstx,unrealstx,UEFN,,1v1,head
2026-10-01T00:12:37Z,1624-7884-7968,LEGEND'S ZONE WARS MAP,thelegendyt,FNC,,zonewars,head
2026-10-01T00:12:37Z,3748-9981-8140,⚔️ FREEBUILD PVP PRACTICE 🏗️,lukazke,UEFN,,1v1|action|arena|competitive,head
2026-10-01T00:12:37Z,5532-1280-5161,SAQUEADOR DE CALABAZAS,sebaspineda,UEFN,,runner|difficulty: impossible|shooter|skills,head
2026-10-01T00:12:37Z,6700-3152-8419,training game,sloxbey,FNC,,skills|memes,head
2026-10-01T00:12:37Z,3656-3490-3380,🌴 SUNSET CITY 🌆,crpp,UEFN,,just for fun|free for all|race|open world,head
2026-10-01T00:12:37Z,3445-9628-4843,Yellow vs Green,g4w,UEFN,,8v8|team deathmatch|shooter|pvp,head
2026-10-01T00:12:37Z,7404-6997-6182,POLICE STATION PVP,erickvg,UEFN,,pvp|boxfight|practice|zonewars,head
2026-10-01T00:12:37Z,0688-3839-2181,Ball V Ball,bozhub,UEFN,,pvp|casual|competitive|simulator,head
2026-10-01T00:12:37Z,8894-6484-8170,Reload Pillars,doomroberge,UEFN,,free for all|building|competitive|pvp,head
2026-10-01T00:12:37Z,0289-2101-7617,ikergg1v1,diefmy17,UEFN,,1v1|pvp|competitive|practice,head
2026-10-01T00:12:37Z,2310-6997-2508,Dryax Hunt becomes the HUNTING,dryaxhuntinator,UEFN,Star Wars,horror|survival horror|first person|escape,head
2026-10-01T00:12:37Z,6311-4320-5823,Five Nights at Brown Cylinder's,bignoob,FNC,,arcade|single player,head
2026-10-01T00:12:37Z,2122-2485-5347,👑 FASHION SHOW 👑,benosh,FNC,,fashion,head
2026-10-01T00:12:37Z,7126-5830-3920,JDOGS home,cubicstudios,FNC,,role playing,head
2026-10-01T00:12:37Z,7660-6086-7036,⚡Squid Legendary Pillars⚡,relentlessl_tony,UEFN,SQUID GAME,attack|survival|shooter,head
2026-10-01T00:12:37Z,2058-6873-9864,The Fight of war,massertlaser,FNC,,fighting,head
2026-10-01T00:12:37Z,5973-0472-9077,Super hard Deathrun,pokemon99,FNC,,deathrun|pve,head
2026-10-01T00:12:37Z,2598-7811-9461,RED VS BLUE RUNAWAY ATHLETE,saxio,UEFN,,team deathmatch|free for all|gun game|competitive,head
2026-10-01T00:12:37Z,4087-0772-5217,MIX TYCOON,moonastre,UEFN,,simulator|tycoon|just for fun|friendly,head
2026-10-01T00:12:37Z,1403-7129-9592,zeno rp v1,solo_neytox,UEFN,,role playing,head
2026-10-01T00:12:37Z,4287-8071-5731,SNIPER RUSH,nvq,UEFN,,sniper|free for all|pvp|practice,head
2026-10-01T00:12:37Z,4827-4794-1690,RED VS BLUE SPILLY FILLY RVB,naxio,UEFN,,team deathmatch|free for all|gun game|competitive,head
2026-10-01T00:12:37Z,4441-4259-3833,Oil Factory Tycoon,yascoyt,UEFN,,tycoon|simulator|casual|just for fun,head
2026-10-01T00:12:37Z,7233-7457-2155,The Last Parkour,cnev,FNC,,parkour,head
2026-10-01T00:12:37Z,7982-3034-1900,RED VS BLUE TRITA RITA NITA RVB,laxio,UEFN,,team deathmatch|free for all|gun game|competitive,head
2026-10-01T00:12:37Z,1644-8545-4545,RED VS BLUE DOLPHIN RVB,kaxio,UEFN,,team deathmatch|free for all|gun game|competitive,head
2026-10-01T00:12:37Z,5720-4711-3998,Build the Pyramid,kiwilabs,UEFN,,building|casual|co-op|farming simulator,head
2026-10-01T00:12:37Z,6353-9206-6821,Fortune City,cndr_interactive,UEFN,,role playing|open world|tycoon|just for fun,head
2026-10-01T00:12:37Z,2424-5156-8305,SHARK ATTACK,kermitt,UEFN,,casual,head
2026-10-01T00:12:37Z,2720-5345-6070,RED VS BLUE ZEIT RVB,haxio,UEFN,,team deathmatch|free for all|gun game|competitive,head
2026-10-01T00:12:37Z,6289-1034-0591,RED VS BLUE MERCIE RVB,jaxio,UEFN,,team deathmatch|free for all|gun game|competitive,head
2026-10-01T00:12:37Z,6346-9330-3161,RED VS BLUE MIKS,brup,UEFN,,team deathmatch|teams|just for fun|gun game,head
2026-10-01T00:12:37Z,5509-5983-5863,🌴 Lonely RP S1 🥥,familly84100,FNC,,role playing|rpg|shooter|friendly,head
2026-10-01T00:12:37Z,0895-7897-9120,medz 1v1 map,medzz,UEFN,,1v1|building,head
2026-10-01T00:12:37Z,4134-9141-3648,Kara 1v1,kara2k,FNC,,1v1,head
2026-10-01T00:12:37Z,4150-8201-6870,1v1 Build Fight (Invictus),invictusabyssal,FNC,,1v1|arena|building|competitive,head
2026-10-01T00:12:37Z,0369-6453-8329,MAXWELL BOSS FIGHT,banisher,UEFN,Star Wars,boss battle|creatures|survival|free for all,head
2026-10-01T00:12:37Z,2223-1494-1280,StarParkour,landscape,UEFN,Star Wars,parkour,head
2026-10-01T00:12:37Z,0047-1363-5610,🌠Reality's Coast🌠,wtv-reality,FNC,,open world|practice|casual|exploration,head
2026-10-01T00:12:37Z,0972-3621-6954,PROXIMITY CHAT 🔉SCRIMS/سکرمز🏆🥇,thesigma38,FNC,,free for all,head
2026-10-01T00:12:37Z,1512-6634-4105,1v1 CBF Map,bismiky,UEFN,,1v1,head
2026-10-01T00:12:37Z,1783-6700-5875,RED VS BLUE🔴🔵 Victory🏆,secretmoose2777,UEFN,,pvp|teams|team deathmatch|funny,head
2026-10-01T00:12:37Z,5904-5439-7382,"Nom's ""Super Easy"" Obby",webworks_os,UEFN,FALL GUYS,platformer|deathrun|difficulty: hard|artistic,head
2026-10-01T00:12:37Z,4369-3766-0968,CHAMELEON VS HUNTER HIDE AND SEEK 2,raccoonstudio,UEFN,,minigame|just for fun|prop hunt|party game,head
2026-10-01T00:12:37Z,8993-7461-1814,BOUN_EDIT_MAP,dalox69,UEFN,,practice|training,head
2026-10-01T00:12:37Z,9919-6253-9678,Purom 1v1,wael1,UEFN,,1v1|strategy|competitive|practice,head
2026-10-01T00:12:37Z,7773-6237-3077,MISCHIEF RED VS BLUE 🦈,bayer4ik14,UEFN,,arena|team deathmatch|gun game|shooter,head
2026-10-01T00:12:37Z,6570-2379-5334,final zone🌀3v3,forthype,UEFN,,3v3|zonewars|practice|pvp,head
2026-10-01T00:12:37Z,9567-1040-7160,📽️ TikToks 🎬,daflixy,UEFN,,adventure|exploration|peaceful|sandbox,head
2026-10-01T00:12:37Z,3598-5315-9187,PRIME RED VS BLUE 🔴🔵,stinngray,UEFN,,just for fun|1v1|team deathmatch|shooter,head
2026-10-01T00:12:37Z,7068-8147-0749,BombParty,classiccpr,UEFN,,arcade|party game|pvp|arena,head
2026-10-01T00:12:37Z,9024-0265-2725,September Duck Parkour,landscape,UEFN,,parkour,head
2026-10-01T00:12:37Z,2337-8935-4824,Zombies Punch,landscape,UEFN,KPop Demon Hunters,survival,head
2026-10-01T00:12:37Z,7620-7569-1294,PillarsFuture,raulcxgame,UEFN,,free for all|survival|building|strategy,head
2026-10-01T00:12:37Z,5464-1309-4082,Mine Rocks,blzn,UEFN,,tycoon|simulator|just for fun|clicker,head
2026-10-01T00:12:37Z,7211-6701-3889,Champs deathrun,you6and7,FNC,,parkour,head
2026-10-01T00:12:37Z,2455-6852-8319,🎃🍂fall + spooky pumpkin patch 🍂🎃,faeriexo,FNC,,atmospheric|just for fun,head
2026-10-01T06:10:29Z,8102-3091-8382,AURA 1V1 SUPREME [BUILDFIGHT],rafamanon,UEFN,,competitive|1v1|free for all|building,head
2026-10-01T06:10:29Z,9157-4212-6822,SORT THE BLOCKS,thegoatgames,UEFN,,collection|co-op|casual|simulator,head
2026-10-01T06:10:29Z,6660-5907-3293,PILLARS 67,lobo01,UEFN,,just for fun|minigame|party game|pvp,head
2026-10-01T06:10:29Z,4652-3653-9818,ceys pillars,mistrust,FNC,,pvp|minigame|party game|just for fun,head
2026-10-01T06:10:29Z,8894-2884-0819,1V1 BUILD FIGHT 0 DELAY ⚔️,esurb,UEFN,,1v1|competitive|practice|pvp,head
2026-10-01T06:10:29Z,8871-4784-3764,Monstrous Nightmare_Freddy RED vs BLUE,felino5,UEFN,,funny|competitive|strategy|action,head
2026-10-01T06:10:29Z,7399-1870-3243,PRISON ESCAPE 3.0,mapvision,UEFN,,co-op|boss battle|roguelike|deathrun,head
2026-10-01T06:10:29Z,1941-8205-9802,OCTOBER RACE 🏃‍♂️👻 HORROR PARKOUR,superfornite2027,UEFN,,parkour|deathrun|race|horror,head
2026-10-01T06:10:29Z,5728-3825-3845,OKTOBER FEST 🥳 OCTOBER PARTY,superfornite2027,UEFN,,party game|just for fun|respawn|funny,head
2026-10-01T06:10:29Z,2689-8230-0316,FORTSIDE BATTLE ROYALE (NEW),raiozin0930,FNC,,battle royale|battle|story|building,head
2026-10-01T06:10:29Z,9029-4038-6822,1 STORM Islande- BOX FIGHT FFA 8 - BOILD,ewbogdyy,FNC,,1v1,head
2026-10-01T06:10:29Z,7695-1279-8604,🚔DRIVE CITY - TODAS AS ARMAS,jhonyside,UEFN,TMNT,open world|just for fun|race|driver simulator,head
2026-10-01T06:10:29Z,5460-7144-0172,Kazaa pro 1v1,kazaa777,FNC,,1v1,head
2026-10-01T06:10:29Z,7015-5368-1229,Foch1x 1v1 (200 Pumps),foch1x,UEFN,,1v1|building|practice|competitive,head
2026-10-01T06:10:29Z,9047-2371-0558,Lost In The Forest (Horror),oksteveo,UEFN,,survival|fortnitemares|escape|single player,head
2026-10-01T06:10:29Z,7641-5113-5322,⚔️SNIPER ONE SHOT 1ST PERSON⚔️,skopeyt,FNC,,arena,head
2026-10-01T06:10:29Z,1446-3907-7854,Venture Playground,versyyfn,UEFN,,casual|choices matter,head
2026-10-01T06:10:29Z,4463-5135-4861,HUMAN COLLAPSE [HORROR]🧟‍♂️🏠,mnnm,UEFN,,horror|solo|fortnitemares|secrets,head
2026-10-01T06:10:29Z,4493-5377-7406,THE VAULT 1V1–4V4,litereyli,UEFN,,1v1|action|boxfight|teams,head
2026-10-01T06:10:29Z,4035-7555-8260,CAR GAME CRAZY DRIVE,jhonyside,UEFN,SQUID GAME,creatures|race|open world|just for fun,head
2026-10-01T06:10:29Z,5618-5683-1782,La Pingui Cup  FAZEGAVI,fazx10,FNC,,sports|1v1|2v2|3v3,head
2026-10-01T06:10:29Z,4113-4732-5073,road crossing,fr4less,FNC,,shooter|solo,head
2026-10-01T06:10:29Z,3207-0452-6876,-1 Size for Brainrots,lunarcatstudios,UEFN,,casual|tycoon|simulator|just for fun,head
2026-10-01T06:10:29Z,7106-7084-2491,SKINS RVB - سوبر تلتد,auronplay51,UEFN,Star Wars,pvp|just for fun|building|free for all,head
2026-10-01T06:10:29Z,9389-2376-3043,ICE GUN GAME,thegoatgames,UEFN,,gun game|free for all|pvp|rounds,head
2026-10-01T06:10:29Z,2697-4287-6191,HAUNTEDISLAND🧟NIGHTOFTHEWALKERS,creatorpj,UEFN,The Walking Dead Universe,survival|creatures|free for all|mystery,head
2026-10-01T06:10:29Z,6077-0651-7096,TILTED ZONE WARS (HS) ⭐⭐,hsmax,FNC,,zonewars|free for all|practice|pvp,head
2026-10-01T06:10:29Z,0248-5475-7745,🏎️RAMP CAR RACE - CAR GAME🏎️,pituxoside,UEFN,TMNT,objective|open world|just for fun|race,head
2026-10-01T06:10:29Z,0369-6386-7075,🥊 Red vs Blue Crossfire,magixxlff,UEFN,,practice|team deathmatch|base,head
2026-10-01T06:10:29Z,0886-0986-6350,HECATE REFORGED - SEASON 1,joaoo,FNC,,battle royale,head
2026-10-01T06:10:29Z,1553-7659-0292,WINGS FOR EGGS,gnagames,UEFN,,tycoon|just for fun|simulator|casual,head
2026-10-01T06:10:29Z,3516-9320-6088,CAR GAMES ROAD,pituxoside,UEFN,SQUID GAME,race|open world|objective|exploration,head
2026-10-01T06:10:29Z,7397-6521-5699,House Party 🥳🔊 PROXIMITY CHAT,fre3zy,UEFN,,casual|just for fun|party game|role playing,head
2026-10-01T06:10:29Z,5294-8210-8637,DEATHRUN FACIL 500 LEVELS,lzprime1v5,UEFN,,deathrun|skills|objective|parkour,head
2026-10-01T06:10:29Z,1005-0582-8032,Space 1v1🚀,popek6,UEFN,,1v1|pvp|building|just for fun,head
2026-10-01T06:10:29Z,8876-7534-0418,Trouve l'aiguille dans le foin,lstz,FNC,,escape,head
2026-10-01T06:10:29Z,4422-8639-7717,Uproar Red vs Blue 🥊 & Arena,sadparakeet89,UEFN,,fighting|base|practice|strategy,head
2026-10-01T06:10:29Z,3698-9074-7372,Chaotic Stronghold 🚀 Red vs Blue 🚀,ngoty,UEFN,,funny|gun fight|respawn|base,head
2026-10-01T06:10:29Z,2787-7487-5565,The Amazing Digital Circus,massertlaser,FNC,,just for fun,head
2026-10-01T06:10:29Z,4383-4562-3484,BLAISEFN Practice 1v1!,blaisefn1,FNC,,1v1|building|action|competitive,head
2026-10-01T06:10:29Z,2524-1611-0209,Bouncing_Bullet_Battle,fayce,UEFN,,gun fight|parkour|respawn|arena,head
2026-10-01T06:10:29Z,3167-1739-3877,Mega Rampa - Jogo de Carros,paulaside,UEFN,TMNT,race|exploration|objective|open world,head
2026-10-01T06:10:29Z,1334-9501-6183,SUPER PILLARS pillers pilars,sad_man,UEFN,,pvp|just for fun|party game|minigame,head
2026-10-01T06:10:29Z,1414-2036-8324,INFINITE BUILDZ,mzr7,FNC,,building|practice|free for all|fighting,head
2026-10-01T06:10:29Z,7660-9970-2538,BOX PVP SKYLINE,triple_tson,FNC,,pvp|zonewars|battle royale|building,head
2026-10-01T06:10:29Z,3248-5147-4941,Estación Espacial,mounth24cm,UEFN,,action|atmospheric|space|parkour,head
2026-10-01T06:10:29Z,0676-3481-8629,Pro infinite Box Fights><,blademasterexd,FNC,,arena,head
2026-10-01T06:10:29Z,5395-3905-7721,ITISASADA'S 1v1 Build Fights,itisasada,UEFN,,1v1|battle royale|building|pvp,head
2026-10-01T06:10:29Z,2854-3024-1273,BLITZ RELOAD SOLO BUILD,paquat,UEFN,,just for fun|solo|1v1|zonewars,head
2026-10-01T06:10:29Z,9089-0809-8780,SUPER ROJO VS AZUL! 🔴🔵,redvsblue-sky,UEFN,Star Wars,team deathmatch|pvp|practice|shooter,head
2026-10-01T06:10:29Z,7388-1670-6406,Super RAMP⭐️2026,paulaside,UEFN,SQUID GAME,objective|race|exploration|just for fun,head
2026-10-01T06:10:29Z,5863-7810-9603,RED VS BLUE ANIMALS 🔴🔵,satt1,FNC,,just for fun|team deathmatch|training|gun fight,head
2026-10-01T06:10:29Z,5882-8946-7370,💥 Standoff Red vs. Blue X,xiana67,UEFN,,base|gun fight|team deathmatch|teams,head
2026-10-01T06:10:29Z,5993-8004-8614,🔥 CRAZY PILLARS - THE BEST,itech,UEFN,,minigame|platformer|rounds|party game,head
2026-10-01T06:10:29Z,8189-7641-2321,2v2 Spike Box,ezypzy,UEFN,,2v2|free for all|boxfight|practice,head
2026-10-01T06:10:29Z,4164-8367-0493,AIM UNREAL,youelpollito,FNC,,training|shooter|aim course|minigame,head
2026-10-01T06:10:29Z,3226-2981-2409,Veta 2 Season 2!,monito967,FNC,,zonewars|story|battle royale,head
2026-10-01T06:10:29Z,3227-0451-8845,⚡️ZIPPY ISLANDS⚡️,ffeymf,UEFN,,race|driver simulator|open world|free for all,head
2026-10-01T06:10:29Z,6460-3856-6052,HARLOWS 1V1,harlows,FNC,,1v1|attack|practice|competitive,head
2026-10-01T06:10:29Z,3543-8429-0712,BRAINROT POWER SIMULATOR,hexuo,UEFN,,just for fun|tycoon|simulator|casual,head
2026-10-01T06:10:29Z,0017-0960-9180,Rankly Cup Endgame [SOLO],gum,UEFN,,battle royale|zonewars|competitive|solo,head
2026-10-01T06:10:29Z,1679-6220-7094,Gunfight - Spooktown,glitch_god,FNC,,2v2|1v1|gun fight,head
2026-10-01T06:10:29Z,2629-1407-8450,🚘FNAF DRIVE🚘,racemaps,UEFN,The Walking Dead Universe,fortnitemares|driver simulator|fighting|free for all,head
2026-10-01T06:10:29Z,3488-7699-5050,🌲HILL ROAD🌲,sachiko,UEFN,TMNT,driver simulator|adventure|race|just for fun,head
2026-10-01T06:10:29Z,9123-5416-9827,O.X.R: Let It Ripp,dragon07731,FNC,,action|arcade|pve,head
2026-10-01T06:10:29Z,5532-6128-0525,Lava Pillars: 12 FFA,jjno117,UEFN,,pvp|free for all|building|parkour,head
2026-10-01T06:10:29Z,5198-5103-1581,"Up and down, Halloween 2026 🎃",mrsgoldenhammer,FNC,,parkour|competitive|solo,catalog
2026-10-01T06:10:29Z,9224-4274-4004,APZA 1V1 BUILD FIGHT,apza,UEFN,,1v1|building|practice|competitive,catalog
2026-10-01T06:10:29Z,4085-5973-4688,1V1 BUILD FIGHT SIMPLISITISC [FTCRAZY],ftcrazy,UEFN,,1v1|building|competitive|practice,catalog
2026-10-01T06:10:29Z,4994-6308-5626,🐹 PINK HAMSTER ESCAPE ROOM 🐹,blurmaps,UEFN,,escape|minigame|party game|memes,catalog
2026-10-01T06:10:29Z,5805-7996-0380,MRQ party royal,svox,UEFN,,minigame|party game|just for fun|party world,catalog
2026-10-01T06:10:29Z,8488-2373-6957,1vs1 DXZ,dxzkirito,FNC,,1v1|building|battle|practice,catalog
2026-10-01T06:10:29Z,4225-4951-0758,ffa combate individual,build-studios,FNC,,attack|shooter|race,catalog
2026-10-01T06:10:29Z,3328-1659-6947,CHARLIE DUO ZONE WARS PRATICE 🎯,ocella,UEFN,,zonewars|practice|duo|gun fight,catalog
2026-10-01T06:10:29Z,0983-1808-0439,The Freaky Chainsaw Massacre,rdennis,FNC,,4v4|horror|survival horror|one life,catalog
2026-10-01T06:10:29Z,1544-5125-8207,BLITZ RELOAD ZB SOLO ZERO BUILD,paquat,UEFN,,just for fun|solo|1v1|zonewars,catalog
2026-10-01T06:10:29Z,4234-0949-1968,run world turbo,build-studios,UEFN,TMNT,exploration,catalog
2026-10-01T06:10:29Z,6010-3772-3209,Zombies Experience: Shattered Horizons,aki,FNC,,co-op|party game|survival,catalog
2026-10-01T06:10:29Z,7965-3983-6703,🏙 | jugement NIVARA RP,zeyroxx-studio,FNC,,role playing,catalog
2026-10-01T06:10:29Z,2244-4048-0927,Proすぎる1V1,syake_tds,UEFN,,1v1|building|practice,catalog
2026-10-01T06:10:29Z,9129-6261-5050,The Scary Games,landscape,UEFN,,race|atmospheric|fortnitemares,catalog
2026-10-01T06:10:29Z,8102-8116-1439,1v1 (12 Player),wael1,UEFN,,1v1|building|practice|shooter,catalog
2026-10-01T06:10:29Z,6931-4038-9615,wild survive loot ~ war 🌲,build-studios,FNC,,shooter|exploration|free for all|battle,catalog
2026-10-01T06:10:29Z,3763-3701-6041,red vs blue/ NO BUILD,nova56,FNC,,action,catalog
2026-10-01T06:10:29Z,0564-8598-7456,200 Headshot Only Box Fights 🎯,queasy,UEFN,,practice|competitive|boxfight|aim course,catalog
2026-10-01T06:10:29Z,4198-2462-9053,WORLD CUP BOX PVP - BOX FIGHTS,ibai51,UEFN,,boxfight|memes|pvp|music,catalog
2026-10-01T06:10:29Z,7651-1044-7769,Sky 1v1 Build Fight,supremesky,UEFN,,1v1|building|practice|series,catalog
2026-10-01T06:10:29Z,1521-6855-8911,🌴∫ Bentara Rp,crochu,UEFN,,role playing,catalog
2026-10-01T06:10:29Z,8421-2358-9769,BRAINROT ARMY TYCOON,noxuu3,UEFN,,simulator|tycoon|just for fun|point capture,catalog
2026-10-01T06:10:29Z,0981-7885-3297,PARTY ROYALE LER 2.1,dh444,UEFN,,battle royale,catalog
2026-10-01T06:10:29Z,1842-3128-1508,MyProject_mn _Live_Islandvvbdfbd,uma_clan,UEFN,,2d,catalog
2026-10-01T06:10:29Z,6630-3203-2143,Celebration Wonderland | Photo Map,markworld,UEFN,,atmospheric|artistic|friendly|seasonal,catalog
2026-10-01T06:10:29Z,9287-5600-8086,HEADROT RED VS BLUE 🔴🔵,valleydragon,UEFN,,team deathmatch|pvp|just for fun|respawn,catalog
2026-10-01T06:10:29Z,5682-4343-5114,❄️ PARTY ROYAL QR7,qr71,FNC,,party game,catalog
2026-10-01T06:10:29Z,4986-0957-6969,1v1v1 Reload Free For ALL By nevesss,nevesss,UEFN,,zonewars|free for all|1v1|practice,catalog
2026-10-01T06:10:29Z,0465-4740-4502,🎃 👻 😂Emoji Fight Halloween 🎃 👻 😂,ziogeko,UEFN,,arena|fighting|funny,catalog
2026-10-01T06:10:29Z,4848-8215-3811,JUST FIGHT FFA,mastered,UEFN,,free for all|just for fun|practice|pvp,catalog
2026-10-01T06:10:29Z,9026-3975-1636,[🚦] Fun mini Games,hi20,UEFN,,minigame|just for fun,catalog
2026-10-01T06:10:29Z,9991-6244-5628,POLICE TYCOON🚨,santisz,UEFN,LEGO,tycoon|boss battle|simulator|just for fun,catalog
2026-10-01T06:10:29Z,0693-5439-4171,🍀 CLOVER MEGA RED VS BLUE 🔴🔵,mastered,UEFN,,team deathmatch|just for fun|pvp|practice,catalog
2026-10-01T06:10:29Z,3114-3676-6902,Ship Infiltration Quest| 4 Players CO-OP,juangamerzx7,UEFN,,action|co-op|difficulty: very hard|one in the chamber,catalog
2026-10-01T06:10:29Z,6634-1704-7728,🎯 MASSIVE MAMMOTH ONLY GREASY GROVE🎯,mastered,UEFN,,free for all|one shot|pvp|just for fun,catalog
2026-10-01T06:10:29Z,7994-9735-2294,💥SHOCK WARS SOLO 💥,mastered,UEFN,,free for all|just for fun|party game|minigame,catalog
2026-10-01T06:10:29Z,5334-5856-6628,INSANE RED VS BLUE [CH6] 🔴🔵,shalev,UEFN,,action|pvp|competitive|team deathmatch,catalog
2026-10-01T06:10:29Z,5199-1928-0849,LOOT WARS 2V2 | CH:5,mastered,UEFN,,practice|2v2|just for fun|minigame,catalog
2026-10-01T06:10:29Z,4271-3325-8833,SHOCK FREEBUILD PRACTICE,spct,UEFN,,building|trios|practice|edit course,catalog
2026-10-01T06:10:29Z,0159-2269-4389,The random loot - 1v1v1,ned4,UEFN,,practice|zonewars|free for all|battle,catalog
2026-10-01T06:10:29Z,6196-2987-3431,🎃 HALLOWEEN 1V1 👻 SCARY MUSIC & THEME,mastered,UEFN,,1v1|practice|pvp|boxfight,catalog
2026-10-01T06:10:29Z,6342-0156-6194,1V1 BUT LOSER LISTENS TO KSI,mastered,UEFN,,1v1|practice|just for fun|minigame,catalog
2026-10-01T06:10:29Z,6673-1244-9160,🤣 PROXIMITY CHAT TILTED ZONE WARS 🤣,mastered,UEFN,,zonewars|practice|just for fun|pvp,catalog
2026-10-01T06:10:29Z,1951-4242-9159,💥 WHAT THE ?? GUN GAME ONE SHOT 🎯,mastered,UEFN,,one shot|gun game|sniper|free for all,catalog
2026-10-01T06:10:29Z,5146-9704-9392,RED VS BLUE 🔴🔵,mastered,UEFN,,team deathmatch|practice|just for fun|pvp,catalog
2026-10-01T06:10:29Z,4639-6632-6698,🏴‍☠️ PIRATE PIT 🏴‍☠️,mastered,UEFN,,free for all|just for fun|practice|pvp,catalog
2026-10-01T06:10:29Z,0842-3393-5846,⭐ 50 VS 50 : THE BATTLE 🔴🔵 NEW UPDATE,mastered,UEFN,,team deathmatch|capture the flag|battle|minigame,catalog
2026-10-01T06:10:29Z,0169-2453-5834,THE PIT - ONE SHOT GUN GAME,mastertycoon,UEFN,,just for fun|practice|one shot|gun game,catalog
2026-10-01T06:10:29Z,2028-1137-6664,⭐FUNNY GUN GAME ONE SHOT DRIVE HERO ⭐,mastertycoon,UEFN,,gun game|just for fun|one shot|free for all,catalog
2026-10-01T06:10:29Z,4561-8797-3023,MINIGAMES RED VS BLUE🔴🔵 GUN GAME FUNNY,mastertycoon,UEFN,,team deathmatch|just for fun|gun game|minigame,catalog
2026-10-01T06:10:29Z,4698-5998-4503,HOTEL TYCOON RP [CO-OP],mastertycoon,UEFN,,tycoon|just for fun|casual|role playing,catalog
2026-10-01T06:10:29Z,5691-9398-0775,🎃 The Spooky Fashion Show 🎉 [BETA],burnout,FNC,,fashion|minigame|party game|casual,catalog
2026-10-01T06:10:29Z,1844-8808-7016,Criminal Life: Multiplayer,gr1squid,UEFN,,open world|party game|role playing|seasonal,catalog
